cmpd_id,subset,fold
CHEMBL1997759,train_valid,0
CHEMBL2426391,train_valid,0
CHEMBL2002479,train_valid,0
CHEMBL364811,train_valid,0
CHEMBL100500,train_valid,0
CHEMBL3654253,train_valid,0
CHEMBL507936,train_valid,0
CHEMBL2112679,train_valid,0
CHEMBL483158,train_valid,0
CHEMBL3658077,train_valid,0
CHEMBL2006785,train_valid,0
CHEMBL3691559,train_valid,0
CHEMBL371206,train_valid,0
CHEMBL303958,train_valid,0
CHEMBL75809,train_valid,0
CHEMBL1975208,train_valid,0
CHEMBL221959,train_valid,0
CHEMBL1995448,train_valid,0
CHEMBL319709,train_valid,0
CHEMBL540188,train_valid,0
CHEMBL2158859,train_valid,0
CHEMBL455467,train_valid,0
CHEMBL3648084,train_valid,0
CHEMBL1997764,train_valid,0
CHEMBL131697,train_valid,0
CHEMBL1974288,train_valid,0
CHEMBL332765,train_valid,0
CHEMBL560737,train_valid,0
CHEMBL372672,train_valid,0
CHEMBL1968070,train_valid,0
CHEMBL607707,train_valid,0
CHEMBL491473,train_valid,0
CHEMBL3822972,train_valid,0
CHEMBL474432,train_valid,0
CHEMBL552339,train_valid,0
CHEMBL1968590,train_valid,0
CHEMBL3648104,train_valid,0
CHEMBL3644027,train_valid,0
CHEMBL1976134,train_valid,0
CHEMBL50498,train_valid,0
CHEMBL3658036,train_valid,0
CHEMBL3545308,train_valid,0
CHEMBL1800464,train_valid,0
CHEMBL233876,train_valid,0
CHEMBL1972119,train_valid,0
CHEMBL3945754,train_valid,0
CHEMBL133290,train_valid,0
CHEMBL3658043,train_valid,0
CHEMBL1991846,train_valid,0
CHEMBL271183,train_valid,0
CHEMBL1090090,train_valid,0
CHEMBL1976040,train_valid,0
CHEMBL3691590,train_valid,0
CHEMBL3797828,train_valid,0
CHEMBL2403089,train_valid,0
CHEMBL1967531,train_valid,0
CHEMBL408131,train_valid,0
CHEMBL3691619,train_valid,0
CHEMBL410293,train_valid,0
CHEMBL1979554,train_valid,0
CHEMBL1173055,train_valid,0
CHEMBL316485,train_valid,0
CHEMBL3545366,train_valid,0
CHEMBL2006836,train_valid,0
CHEMBL1999112,train_valid,0
CHEMBL4858679,train_valid,0
CHEMBL1922212,train_valid,0
CHEMBL1969879,train_valid,0
CHEMBL1972362,train_valid,0
CHEMBL3691643,train_valid,0
CHEMBL3654234,train_valid,0
CHEMBL2105717,train_valid,0
CHEMBL411907,train_valid,0
CHEMBL1996155,train_valid,0
CHEMBL378963,train_valid,0
CHEMBL194124,train_valid,0
CHEMBL422980,train_valid,0
CHEMBL592445,train_valid,0
CHEMBL234699,train_valid,0
CHEMBL2003456,train_valid,0
CHEMBL177434,train_valid,0
CHEMBL2004771,train_valid,0
CHEMBL1973540,train_valid,0
CHEMBL1171238,train_valid,0
CHEMBL2005112,train_valid,0
CHEMBL1972489,train_valid,0
CHEMBL1999428,train_valid,0
CHEMBL1986943,train_valid,0
CHEMBL3648092,train_valid,0
CHEMBL100079,train_valid,0
CHEMBL100485,train_valid,0
CHEMBL3644029,train_valid,0
CHEMBL400859,train_valid,0
CHEMBL101253,train_valid,0
CHEMBL2402954,train_valid,0
CHEMBL2005792,train_valid,0
CHEMBL2029902,train_valid,0
CHEMBL1095040,train_valid,0
CHEMBL2403091,train_valid,0
CHEMBL431634,train_valid,0
CHEMBL1968926,train_valid,0
CHEMBL119982,train_valid,0
CHEMBL1243003,train_valid,0
CHEMBL191336,train_valid,0
CHEMBL1999718,train_valid,0
CHEMBL3648091,train_valid,0
CHEMBL1973711,train_valid,0
CHEMBL272667,train_valid,0
CHEMBL192161,train_valid,0
CHEMBL368786,train_valid,0
CHEMBL602471,train_valid,0
CHEMBL410883,train_valid,0
CHEMBL317964,train_valid,0
CHEMBL1996817,train_valid,0
CHEMBL319685,train_valid,0
CHEMBL2403090,train_valid,0
CHEMBL460702,train_valid,0
CHEMBL3813873,train_valid,0
CHEMBL192374,train_valid,0
CHEMBL259850,train_valid,0
CHEMBL79491,train_valid,0
CHEMBL271822,train_valid,0
CHEMBL77262,train_valid,0
CHEMBL2426387,train_valid,0
CHEMBL1999556,train_valid,0
CHEMBL1980715,train_valid,0
CHEMBL3691626,train_valid,0
CHEMBL2158863,train_valid,0
CHEMBL100309,train_valid,0
CHEMBL4867931,train_valid,0
CHEMBL45477,train_valid,0
CHEMBL3545157,train_valid,0
CHEMBL248712,train_valid,0
CHEMBL462018,train_valid,0
CHEMBL1964644,train_valid,0
CHEMBL330897,train_valid,0
CHEMBL213505,train_valid,0
CHEMBL3658044,train_valid,0
CHEMBL214329,train_valid,0
CHEMBL194028,train_valid,0
CHEMBL3648099,train_valid,0
CHEMBL1965836,train_valid,0
CHEMBL1970340,train_valid,0
CHEMBL1233528,train_valid,0
CHEMBL91829,train_valid,0
CHEMBL1977135,train_valid,0
CHEMBL453895,train_valid,0
CHEMBL3297831,train_valid,0
CHEMBL3644034,train_valid,0
CHEMBL1800458,train_valid,0
CHEMBL255932,train_valid,0
CHEMBL3639904,train_valid,0
CHEMBL214838,train_valid,0
CHEMBL1980371,train_valid,0
CHEMBL3648083,train_valid,0
CHEMBL122411,train_valid,0
CHEMBL3691631,train_valid,0
CHEMBL3085246,train_valid,0
CHEMBL2325741,train_valid,0
CHEMBL121405,train_valid,0
CHEMBL388566,train_valid,0
CHEMBL2004419,train_valid,0
CHEMBL77119,train_valid,0
CHEMBL1973145,train_valid,0
CHEMBL1980704,train_valid,0
CHEMBL258805,train_valid,0
CHEMBL482967,train_valid,0
CHEMBL1982167,train_valid,0
CHEMBL130681,train_valid,0
CHEMBL1973808,train_valid,0
CHEMBL453629,train_valid,0
CHEMBL284899,train_valid,0
CHEMBL99280,train_valid,0
CHEMBL4784549,train_valid,0
CHEMBL1991429,train_valid,0
CHEMBL1996111,train_valid,0
CHEMBL326282,train_valid,0
CHEMBL1230122,train_valid,0
CHEMBL1969523,train_valid,0
CHEMBL1614725,train_valid,0
CHEMBL1991800,train_valid,0
CHEMBL178484,train_valid,0
CHEMBL3658067,train_valid,0
CHEMBL2002726,train_valid,0
CHEMBL95692,train_valid,0
CHEMBL2403085,train_valid,0
CHEMBL3639568,train_valid,0
CHEMBL2112683,train_valid,0
CHEMBL3658055,train_valid,0
CHEMBL272028,train_valid,0
CHEMBL1990904,train_valid,0
CHEMBL384356,train_valid,0
CHEMBL193860,train_valid,0
CHEMBL3654249,train_valid,0
CHEMBL1975256,train_valid,0
CHEMBL3654256,train_valid,0
CHEMBL171891,train_valid,0
CHEMBL1969537,train_valid,0
CHEMBL575448,train_valid,0
CHEMBL207544,train_valid,0
CHEMBL255427,train_valid,0
CHEMBL1993424,train_valid,0
CHEMBL3654254,train_valid,0
CHEMBL193922,train_valid,0
CHEMBL98360,train_valid,0
CHEMBL270995,train_valid,0
CHEMBL371415,train_valid,0
CHEMBL172848,train_valid,0
CHEMBL1975233,train_valid,0
CHEMBL3343044,train_valid,0
CHEMBL508928,train_valid,0
CHEMBL3658033,train_valid,0
CHEMBL3691615,train_valid,0
CHEMBL321517,train_valid,0
CHEMBL2000393,train_valid,0
CHEMBL203571,train_valid,0
CHEMBL373834,train_valid,0
CHEMBL1997129,train_valid,0
CHEMBL2001257,train_valid,0
CHEMBL1964248,train_valid,0
CHEMBL1970522,train_valid,0
CHEMBL1988537,train_valid,0
CHEMBL472544,train_valid,0
CHEMBL600795,train_valid,0
CHEMBL83719,train_valid,0
CHEMBL392776,train_valid,0
CHEMBL208637,train_valid,0
CHEMBL317150,train_valid,0
CHEMBL194540,train_valid,0
CHEMBL3085240,train_valid,0
CHEMBL3654239,train_valid,0
CHEMBL1235529,train_valid,0
CHEMBL3654243,train_valid,0
CHEMBL484390,train_valid,0
CHEMBL4562323,train_valid,0
CHEMBL80611,train_valid,0
CHEMBL497949,train_valid,0
CHEMBL3648098,train_valid,0
CHEMBL121796,train_valid,0
CHEMBL1964290,train_valid,0
CHEMBL2000429,train_valid,0
CHEMBL1981079,train_valid,0
CHEMBL99779,train_valid,0
CHEMBL271778,train_valid,0
CHEMBL420885,train_valid,0
CHEMBL172140,train_valid,0
CHEMBL271952,train_valid,0
CHEMBL464381,train_valid,0
CHEMBL232557,train_valid,0
CHEMBL309495,train_valid,0
CHEMBL3691570,train_valid,0
CHEMBL1989474,train_valid,0
CHEMBL418940,train_valid,0
CHEMBL299756,train_valid,0
CHEMBL3930293,train_valid,0
CHEMBL1243037,train_valid,0
CHEMBL126077,train_valid,0
CHEMBL174634,train_valid,0
CHEMBL3691665,train_valid,0
CHEMBL2012410,train_valid,0
CHEMBL1173442,train_valid,0
CHEMBL3654258,train_valid,0
CHEMBL335069,train_valid,0
CHEMBL420455,train_valid,0
CHEMBL95477,train_valid,0
CHEMBL318999,train_valid,0
CHEMBL3691561,train_valid,0
CHEMBL1965131,train_valid,0
CHEMBL2012406,train_valid,0
CHEMBL1985580,train_valid,0
CHEMBL539474,train_valid,0
CHEMBL367614,train_valid,0
CHEMBL2006778,train_valid,0
CHEMBL257831,train_valid,0
CHEMBL272453,train_valid,0
CHEMBL2158865,train_valid,0
CHEMBL1276127,train_valid,0
CHEMBL2138625,train_valid,0
CHEMBL2004365,train_valid,0
CHEMBL272414,train_valid,0
CHEMBL455468,train_valid,0
CHEMBL1975418,train_valid,0
CHEMBL461739,train_valid,0
CHEMBL2000271,train_valid,0
CHEMBL1990482,train_valid,0
CHEMBL23254,train_valid,0
CHEMBL3343033,train_valid,0
CHEMBL210618,train_valid,0
CHEMBL400402,train_valid,0
CHEMBL249282,train_valid,0
CHEMBL3644022,train_valid,0
CHEMBL253969,train_valid,0
CHEMBL3691678,train_valid,0
CHEMBL563307,train_valid,0
CHEMBL272684,train_valid,0
CHEMBL249501,train_valid,0
CHEMBL4747992,train_valid,0
CHEMBL3691666,train_valid,0
CHEMBL130903,train_valid,0
CHEMBL2012411,train_valid,0
CHEMBL2158011,train_valid,0
CHEMBL3927122,train_valid,0
CHEMBL1964249,train_valid,0
CHEMBL3691628,train_valid,0
CHEMBL1984044,train_valid,0
CHEMBL193935,train_valid,0
CHEMBL3691588,train_valid,0
CHEMBL3691584,train_valid,0
CHEMBL411829,train_valid,0
CHEMBL3654250,train_valid,0
CHEMBL472545,train_valid,0
CHEMBL1969664,train_valid,0
CHEMBL385039,train_valid,0
CHEMBL281948,train_valid,0
CHEMBL2004716,train_valid,0
CHEMBL2158853,train_valid,0
CHEMBL1982866,train_valid,0
CHEMBL1965988,train_valid,0
CHEMBL3691552,train_valid,0
CHEMBL1997822,train_valid,0
CHEMBL461114,train_valid,0
CHEMBL4755256,train_valid,0
CHEMBL1419458,train_valid,0
CHEMBL134239,train_valid,0
CHEMBL4214898,train_valid,0
CHEMBL120185,train_valid,0
CHEMBL414651,train_valid,0
CHEMBL1964258,train_valid,0
CHEMBL5288241,train_valid,0
CHEMBL176470,train_valid,0
CHEMBL364935,train_valid,0
CHEMBL331906,train_valid,0
CHEMBL409868,train_valid,0
CHEMBL130315,train_valid,0
CHEMBL3658038,train_valid,0
CHEMBL174977,train_valid,0
CHEMBL2087361,train_valid,0
CHEMBL370522,train_valid,0
CHEMBL436368,train_valid,0
CHEMBL2006156,train_valid,0
CHEMBL4869016,train_valid,0
CHEMBL4079206,train_valid,0
CHEMBL317398,train_valid,0
CHEMBL1991356,train_valid,0
CHEMBL2006581,train_valid,0
CHEMBL355578,train_valid,0
CHEMBL3691576,train_valid,0
CHEMBL2004892,train_valid,0
CHEMBL1794054,train_valid,0
CHEMBL256835,train_valid,0
CHEMBL2386753,train_valid,0
CHEMBL1973860,train_valid,0
CHEMBL255255,train_valid,0
CHEMBL338924,train_valid,0
CHEMBL173478,train_valid,0
CHEMBL228043,train_valid,0
CHEMBL1969372,train_valid,0
CHEMBL4849615,train_valid,0
CHEMBL1969049,train_valid,0
CHEMBL134080,train_valid,0
CHEMBL3648111,train_valid,0
CHEMBL248890,train_valid,0
CHEMBL1990288,train_valid,0
CHEMBL270054,train_valid,0
CHEMBL2004447,train_valid,0
CHEMBL269827,train_valid,0
CHEMBL1964687,train_valid,0
CHEMBL332882,train_valid,0
CHEMBL251739,train_valid,0
CHEMBL80859,train_valid,0
CHEMBL2006715,train_valid,0
CHEMBL3991932,train_valid,0
CHEMBL3658034,train_valid,0
CHEMBL449663,train_valid,0
CHEMBL282193,train_valid,0
CHEMBL233668,train_valid,0
CHEMBL97162,train_valid,0
CHEMBL322568,train_valid,0
CHEMBL3654260,train_valid,0
CHEMBL1972142,train_valid,0
CHEMBL1981047,train_valid,0
CHEMBL3691642,train_valid,0
CHEMBL447237,train_valid,0
CHEMBL249697,train_valid,0
CHEMBL3691591,train_valid,0
CHEMBL1789941,train_valid,0
CHEMBL2012399,train_valid,0
CHEMBL4472486,train_valid,0
CHEMBL1995172,train_valid,0
CHEMBL103667,train_valid,0
CHEMBL1289926,train_valid,0
CHEMBL1970142,train_valid,0
CHEMBL3184679,train_valid,0
CHEMBL606245,train_valid,0
CHEMBL175143,train_valid,0
CHEMBL3297832,train_valid,0
CHEMBL1234086,train_valid,0
CHEMBL176815,train_valid,0
CHEMBL2000568,train_valid,0
CHEMBL193350,train_valid,0
CHEMBL1978448,train_valid,0
CHEMBL180022,train_valid,0
CHEMBL1967302,train_valid,0
CHEMBL273061,train_valid,0
CHEMBL84436,train_valid,0
CHEMBL271381,train_valid,0
CHEMBL1986970,train_valid,0
CHEMBL4866990,train_valid,0
CHEMBL1993584,train_valid,0
CHEMBL1974457,train_valid,0
CHEMBL1993548,train_valid,0
CHEMBL395080,train_valid,0
CHEMBL173608,train_valid,0
CHEMBL1999321,train_valid,0
CHEMBL231801,train_valid,0
CHEMBL394577,train_valid,0
CHEMBL1084546,train_valid,0
CHEMBL1967560,train_valid,0
CHEMBL4094562,train_valid,0
CHEMBL2029909,train_valid,0
CHEMBL393929,train_valid,0
CHEMBL1090360,train_valid,0
CHEMBL271843,train_valid,0
CHEMBL4218705,train_valid,0
CHEMBL4859226,train_valid,0
CHEMBL248108,train_valid,0
CHEMBL269881,train_valid,0
CHEMBL219722,train_valid,0
CHEMBL3264002,train_valid,0
CHEMBL3348923,train_valid,0
CHEMBL409450,train_valid,0
CHEMBL3691636,train_valid,0
CHEMBL1682558,train_valid,0
CHEMBL3656841,train_valid,0
CHEMBL462120,train_valid,0
CHEMBL1958401,train_valid,0
CHEMBL209534,train_valid,0
CHEMBL129396,train_valid,0
CHEMBL203006,train_valid,0
CHEMBL1976455,train_valid,0
CHEMBL3658046,train_valid,0
CHEMBL1084629,train_valid,0
CHEMBL367245,train_valid,0
CHEMBL1997623,train_valid,0
CHEMBL2004072,train_valid,1
CHEMBL120703,train_valid,1
CHEMBL400749,train_valid,1
CHEMBL75924,train_valid,1
CHEMBL1969735,train_valid,1
CHEMBL2012407,train_valid,1
CHEMBL3654248,train_valid,1
CHEMBL1084454,train_valid,1
CHEMBL3691569,train_valid,1
CHEMBL2158855,train_valid,1
CHEMBL2103842,train_valid,1
CHEMBL3797574,train_valid,1
CHEMBL3343051,train_valid,1
CHEMBL2219422,train_valid,1
CHEMBL1991285,train_valid,1
CHEMBL1964399,train_valid,1
CHEMBL118130,train_valid,1
CHEMBL1289601,train_valid,1
CHEMBL2111872,train_valid,1
CHEMBL1964244,train_valid,1
CHEMBL2001239,train_valid,1
CHEMBL1983932,train_valid,1
CHEMBL460087,train_valid,1
CHEMBL234065,train_valid,1
CHEMBL102714,train_valid,1
CHEMBL3343048,train_valid,1
CHEMBL3658024,train_valid,1
CHEMBL3691656,train_valid,1
CHEMBL3658026,train_valid,1
CHEMBL207400,train_valid,1
CHEMBL484876,train_valid,1
CHEMBL411224,train_valid,1
CHEMBL130597,train_valid,1
CHEMBL432356,train_valid,1
CHEMBL4202432,train_valid,1
CHEMBL1223524,train_valid,1
CHEMBL3545396,train_valid,1
CHEMBL3691670,train_valid,1
CHEMBL174162,train_valid,1
CHEMBL398606,train_valid,1
CHEMBL3691677,train_valid,1
CHEMBL2158857,train_valid,1
CHEMBL234489,train_valid,1
CHEMBL1965351,train_valid,1
CHEMBL405551,train_valid,1
CHEMBL2004544,train_valid,1
CHEMBL1980497,train_valid,1
CHEMBL370485,train_valid,1
CHEMBL526133,train_valid,1
CHEMBL477772,train_valid,1
CHEMBL1986603,train_valid,1
CHEMBL1979252,train_valid,1
CHEMBL1998112,train_valid,1
CHEMBL3654262,train_valid,1
CHEMBL1243004,train_valid,1
CHEMBL1975534,train_valid,1
CHEMBL455657,train_valid,1
CHEMBL1980297,train_valid,1
CHEMBL2001920,train_valid,1
CHEMBL336776,train_valid,1
CHEMBL1968791,train_valid,1
CHEMBL2146883,train_valid,1
CHEMBL1800217,train_valid,1
CHEMBL133214,train_valid,1
CHEMBL3658042,train_valid,1
CHEMBL2158844,train_valid,1
CHEMBL1998193,train_valid,1
CHEMBL3085232,train_valid,1
CHEMBL3658062,train_valid,1
CHEMBL1800463,train_valid,1
CHEMBL1984367,train_valid,1
CHEMBL3651157,train_valid,1
CHEMBL268507,train_valid,1
CHEMBL400858,train_valid,1
CHEMBL2403084,train_valid,1
CHEMBL3301610,train_valid,1
CHEMBL2002407,train_valid,1
CHEMBL1083152,train_valid,1
CHEMBL196363,train_valid,1
CHEMBL2402953,train_valid,1
CHEMBL1975357,train_valid,1
CHEMBL1975647,train_valid,1
CHEMBL387829,train_valid,1
CHEMBL3691581,train_valid,1
CHEMBL3343037,train_valid,1
CHEMBL2408045,train_valid,1
CHEMBL1976420,train_valid,1
CHEMBL578061,train_valid,1
CHEMBL1973937,train_valid,1
CHEMBL77291,train_valid,1
CHEMBL1988300,train_valid,1
CHEMBL2000894,train_valid,1
CHEMBL2426399,train_valid,1
CHEMBL2029906,train_valid,1
CHEMBL1967116,train_valid,1
CHEMBL3644026,train_valid,1
CHEMBL271777,train_valid,1
CHEMBL2035187,train_valid,1
CHEMBL1241662,train_valid,1
CHEMBL223360,train_valid,1
CHEMBL3648071,train_valid,1
CHEMBL2002682,train_valid,1
CHEMBL561334,train_valid,1
CHEMBL1981720,train_valid,1
CHEMBL1987910,train_valid,1
CHEMBL2007372,train_valid,1
CHEMBL89013,train_valid,1
CHEMBL233877,train_valid,1
CHEMBL4553241,train_valid,1
CHEMBL3658039,train_valid,1
CHEMBL1965631,train_valid,1
CHEMBL1975900,train_valid,1
CHEMBL1922120,train_valid,1
CHEMBL411887,train_valid,1
CHEMBL1997846,train_valid,1
CHEMBL3544932,train_valid,1
CHEMBL3691586,train_valid,1
CHEMBL2111871,train_valid,1
CHEMBL317562,train_valid,1
CHEMBL50,train_valid,1
CHEMBL249095,train_valid,1
CHEMBL366620,train_valid,1
CHEMBL571948,train_valid,1
CHEMBL1965845,train_valid,1
CHEMBL1375418,train_valid,1
CHEMBL1973348,train_valid,1
CHEMBL191377,train_valid,1
CHEMBL192076,train_valid,1
CHEMBL1908391,train_valid,1
CHEMBL1421,train_valid,1
CHEMBL2004311,train_valid,1
CHEMBL2000481,train_valid,1
CHEMBL83320,train_valid,1
CHEMBL102636,train_valid,1
CHEMBL274654,train_valid,1
CHEMBL1990254,train_valid,1
CHEMBL1241758,train_valid,1
CHEMBL3644030,train_valid,1
CHEMBL1979176,train_valid,1
CHEMBL276120,train_valid,1
CHEMBL2002992,train_valid,1
CHEMBL3658080,train_valid,1
CHEMBL2003286,train_valid,1
CHEMBL377383,train_valid,1
CHEMBL189434,train_valid,1
CHEMBL80168,train_valid,1
CHEMBL80713,train_valid,1
CHEMBL2007592,train_valid,1
CHEMBL1908360,train_valid,1
CHEMBL2006439,train_valid,1
CHEMBL1090479,train_valid,1
CHEMBL363590,train_valid,1
CHEMBL26513,train_valid,1
CHEMBL3343046,train_valid,1
CHEMBL124660,train_valid,1
CHEMBL1968705,train_valid,1
CHEMBL2403099,train_valid,1
CHEMBL72548,train_valid,1
CHEMBL1234089,train_valid,1
CHEMBL1986499,train_valid,1
CHEMBL1970369,train_valid,1
CHEMBL3658041,train_valid,1
CHEMBL173237,train_valid,1
CHEMBL1992555,train_valid,1
CHEMBL368215,train_valid,1
CHEMBL3658030,train_valid,1
CHEMBL248713,train_valid,1
CHEMBL336351,train_valid,1
CHEMBL2364611,train_valid,1
CHEMBL563672,train_valid,1
CHEMBL233213,train_valid,1
CHEMBL3297830,train_valid,1
CHEMBL202695,train_valid,1
CHEMBL3691602,train_valid,1
CHEMBL3654237,train_valid,1
CHEMBL3085233,train_valid,1
CHEMBL234624,train_valid,1
CHEMBL511992,train_valid,1
CHEMBL554,train_valid,1
CHEMBL2007151,train_valid,1
CHEMBL388978,train_valid,1
CHEMBL1800447,train_valid,1
CHEMBL383541,train_valid,1
CHEMBL1800456,train_valid,1
CHEMBL206659,train_valid,1
CHEMBL603469,train_valid,1
CHEMBL4303287,train_valid,1
CHEMBL116070,train_valid,1
CHEMBL370728,train_valid,1
CHEMBL4105329,train_valid,1
CHEMBL78227,train_valid,1
CHEMBL173647,train_valid,1
CHEMBL390468,train_valid,1
CHEMBL2005214,train_valid,1
CHEMBL1800216,train_valid,1
CHEMBL3128043,train_valid,1
CHEMBL173453,train_valid,1
CHEMBL173737,train_valid,1
CHEMBL362558,train_valid,1
CHEMBL3658076,train_valid,1
CHEMBL233225,train_valid,1
CHEMBL223257,train_valid,1
CHEMBL1928692,train_valid,1
CHEMBL484678,train_valid,1
CHEMBL535,train_valid,1
CHEMBL1952329,train_valid,1
CHEMBL1971017,train_valid,1
CHEMBL518826,train_valid,1
CHEMBL1998551,train_valid,1
CHEMBL1992796,train_valid,1
CHEMBL1972937,train_valid,1
CHEMBL3648101,train_valid,1
CHEMBL80225,train_valid,1
CHEMBL98153,train_valid,1
CHEMBL3691671,train_valid,1
CHEMBL103104,train_valid,1
CHEMBL551534,train_valid,1
CHEMBL3648103,train_valid,1
CHEMBL471329,train_valid,1
CHEMBL3654245,train_valid,1
CHEMBL3648073,train_valid,1
CHEMBL1992536,train_valid,1
CHEMBL1243039,train_valid,1
CHEMBL3648122,train_valid,1
CHEMBL1991577,train_valid,1
CHEMBL1242373,train_valid,1
CHEMBL85015,train_valid,1
CHEMBL5195597,train_valid,1
CHEMBL272389,train_valid,1
CHEMBL2220486,train_valid,1
CHEMBL445945,train_valid,1
CHEMBL5285163,train_valid,1
CHEMBL3544964,train_valid,1
CHEMBL4577258,train_valid,1
CHEMBL2403088,train_valid,1
CHEMBL522601,train_valid,1
CHEMBL311354,train_valid,1
CHEMBL1969264,train_valid,1
CHEMBL98275,train_valid,1
CHEMBL1984039,train_valid,1
CHEMBL1969126,train_valid,1
CHEMBL3691651,train_valid,1
CHEMBL1989265,train_valid,1
CHEMBL133242,train_valid,1
CHEMBL1964250,train_valid,1
CHEMBL541448,train_valid,1
CHEMBL340921,train_valid,1
CHEMBL1229517,train_valid,1
CHEMBL332906,train_valid,1
CHEMBL103055,train_valid,1
CHEMBL1082440,train_valid,1
CHEMBL316264,train_valid,1
CHEMBL80755,train_valid,1
CHEMBL1996791,train_valid,1
CHEMBL1982610,train_valid,1
CHEMBL1982880,train_valid,1
CHEMBL254171,train_valid,1
CHEMBL1994321,train_valid,1
CHEMBL234697,train_valid,1
CHEMBL1990346,train_valid,1
CHEMBL133740,train_valid,1
CHEMBL413779,train_valid,1
CHEMBL2001957,train_valid,1
CHEMBL296468,train_valid,1
CHEMBL3334567,train_valid,1
CHEMBL150261,train_valid,1
CHEMBL3895785,train_valid,1
CHEMBL472383,train_valid,1
CHEMBL2112297,train_valid,1
CHEMBL3691663,train_valid,1
CHEMBL231209,train_valid,1
CHEMBL3085236,train_valid,1
CHEMBL312530,train_valid,1
CHEMBL4208875,train_valid,1
CHEMBL1983025,train_valid,1
CHEMBL272380,train_valid,1
CHEMBL1289494,train_valid,1
CHEMBL3691600,train_valid,1
CHEMBL76921,train_valid,1
CHEMBL226471,train_valid,1
CHEMBL462343,train_valid,1
CHEMBL133342,train_valid,1
CHEMBL2000408,train_valid,1
CHEMBL99780,train_valid,1
CHEMBL445311,train_valid,1
CHEMBL235345,train_valid,1
CHEMBL132469,train_valid,1
CHEMBL2012397,train_valid,1
CHEMBL424696,train_valid,1
CHEMBL319171,train_valid,1
CHEMBL1988608,train_valid,1
CHEMBL1993166,train_valid,1
CHEMBL1977374,train_valid,1
CHEMBL411886,train_valid,1
CHEMBL214183,train_valid,1
CHEMBL251740,train_valid,1
CHEMBL3545154,train_valid,1
CHEMBL3654251,train_valid,1
CHEMBL319903,train_valid,1
CHEMBL1991063,train_valid,1
CHEMBL1800446,train_valid,1
CHEMBL3648087,train_valid,1
CHEMBL1800455,train_valid,1
CHEMBL510863,train_valid,1
CHEMBL3402762,train_valid,1
CHEMBL494089,train_valid,1
CHEMBL1973211,train_valid,1
CHEMBL399042,train_valid,1
CHEMBL274064,train_valid,1
CHEMBL314931,train_valid,1
CHEMBL3691645,train_valid,1
CHEMBL551064,train_valid,1
CHEMBL1987007,train_valid,1
CHEMBL2158854,train_valid,1
CHEMBL3691613,train_valid,1
CHEMBL362967,train_valid,1
CHEMBL3648076,train_valid,1
CHEMBL393157,train_valid,1
CHEMBL133042,train_valid,1
CHEMBL3905910,train_valid,1
CHEMBL311228,train_valid,1
CHEMBL77064,train_valid,1
CHEMBL379835,train_valid,1
CHEMBL1986186,train_valid,1
CHEMBL3648072,train_valid,1
CHEMBL3085244,train_valid,1
CHEMBL1988153,train_valid,1
CHEMBL3658082,train_valid,1
CHEMBL1972276,train_valid,1
CHEMBL3109738,train_valid,1
CHEMBL3648080,train_valid,1
CHEMBL3691604,train_valid,1
CHEMBL509406,train_valid,1
CHEMBL3648123,train_valid,1
CHEMBL563308,train_valid,1
CHEMBL1950289,train_valid,1
CHEMBL311741,train_valid,1
CHEMBL1992732,train_valid,1
CHEMBL1614766,train_valid,1
CHEMBL3648105,train_valid,1
CHEMBL1991640,train_valid,1
CHEMBL1995832,train_valid,1
CHEMBL3343034,train_valid,1
CHEMBL1086427,train_valid,1
CHEMBL1996923,train_valid,1
CHEMBL3654252,train_valid,1
CHEMBL3691589,train_valid,1
CHEMBL1461728,train_valid,1
CHEMBL1976328,train_valid,1
CHEMBL1997872,train_valid,1
CHEMBL390186,train_valid,1
CHEMBL1984633,train_valid,1
CHEMBL5181709,train_valid,1
CHEMBL260092,train_valid,1
CHEMBL1922123,train_valid,1
CHEMBL3691593,train_valid,1
CHEMBL382607,train_valid,1
CHEMBL271136,train_valid,1
CHEMBL458997,train_valid,1
CHEMBL529669,train_valid,1
CHEMBL283120,train_valid,1
CHEMBL1972221,train_valid,1
CHEMBL557318,train_valid,1
CHEMBL3940661,train_valid,1
CHEMBL1967564,train_valid,1
CHEMBL3651158,train_valid,1
CHEMBL176559,train_valid,1
CHEMBL3648126,train_valid,1
CHEMBL404367,train_valid,1
CHEMBL2403093,train_valid,1
CHEMBL1992242,train_valid,1
CHEMBL375284,train_valid,1
CHEMBL3691664,train_valid,1
CHEMBL1879463,train_valid,1
CHEMBL1997340,train_valid,1
CHEMBL195717,train_valid,1
CHEMBL280074,train_valid,1
CHEMBL554286,train_valid,1
CHEMBL103567,train_valid,1
CHEMBL3644023,train_valid,1
CHEMBL558752,train_valid,1
CHEMBL572881,train_valid,1
CHEMBL3658047,train_valid,1
CHEMBL1969042,train_valid,1
CHEMBL310590,train_valid,1
CHEMBL1965660,train_valid,1
CHEMBL309227,train_valid,1
CHEMBL3991935,train_valid,1
CHEMBL2403086,train_valid,1
CHEMBL234944,train_valid,1
CHEMBL2403096,train_valid,1
CHEMBL1997349,train_valid,1
CHEMBL3658057,train_valid,1
CHEMBL333231,train_valid,1
CHEMBL177688,train_valid,1
CHEMBL1970314,train_valid,1
CHEMBL3218576,train_valid,1
CHEMBL1201182,train_valid,1
CHEMBL555205,train_valid,1
CHEMBL210887,train_valid,1
CHEMBL1999811,train_valid,1
CHEMBL3691562,train_valid,1
CHEMBL2103851,train_valid,1
CHEMBL3691579,train_valid,1
CHEMBL255718,train_valid,1
CHEMBL2000071,train_valid,1
CHEMBL483321,train_valid,1
CHEMBL402158,train_valid,1
CHEMBL2003271,train_valid,1
CHEMBL394790,train_valid,1
CHEMBL5286623,train_valid,1
CHEMBL1975490,train_valid,1
CHEMBL216148,train_valid,1
CHEMBL437330,train_valid,1
CHEMBL234084,train_valid,1
CHEMBL1800459,train_valid,1
CHEMBL176705,train_valid,1
CHEMBL1976090,train_valid,1
CHEMBL404504,train_valid,1
CHEMBL3691572,train_valid,1
CHEMBL1966514,train_valid,1
CHEMBL3658035,train_valid,1
CHEMBL1996390,train_valid,1
CHEMBL429142,train_valid,1
CHEMBL276711,train_valid,1
CHEMBL1825138,train_valid,1
CHEMBL3648075,train_valid,1
CHEMBL1993941,train_valid,1
CHEMBL1989708,train_valid,1
CHEMBL420571,train_valid,1
CHEMBL193519,train_valid,1
CHEMBL3691668,train_valid,1
CHEMBL1088752,train_valid,1
CHEMBL574588,train_valid,1
CHEMBL415049,train_valid,1
CHEMBL573339,train_valid,1
CHEMBL1991143,train_valid,1
CHEMBL562137,train_valid,1
CHEMBL5173041,train_valid,1
CHEMBL2403087,train_valid,1
CHEMBL1992937,train_valid,1
CHEMBL3658045,train_valid,1
CHEMBL233205,train_valid,1
CHEMBL217443,train_valid,1
CHEMBL1971021,train_valid,2
CHEMBL3989914,train_valid,2
CHEMBL1614701,train_valid,2
CHEMBL402548,train_valid,2
CHEMBL3343052,train_valid,2
CHEMBL1800457,train_valid,2
CHEMBL3691556,train_valid,2
CHEMBL86066,train_valid,2
CHEMBL1996234,train_valid,2
CHEMBL95827,train_valid,2
CHEMBL89618,train_valid,2
CHEMBL428690,train_valid,2
CHEMBL363138,train_valid,2
CHEMBL392306,train_valid,2
CHEMBL3691661,train_valid,2
CHEMBL1242832,train_valid,2
CHEMBL340935,train_valid,2
CHEMBL3691635,train_valid,2
CHEMBL173459,train_valid,2
CHEMBL3644031,train_valid,2
CHEMBL115220,train_valid,2
CHEMBL1974363,train_valid,2
CHEMBL3741589,train_valid,2
CHEMBL281525,train_valid,2
CHEMBL176908,train_valid,2
CHEMBL279574,train_valid,2
CHEMBL332971,train_valid,2
CHEMBL273060,train_valid,2
CHEMBL1988838,train_valid,2
CHEMBL1997617,train_valid,2
CHEMBL314397,train_valid,2
CHEMBL3691637,train_valid,2
CHEMBL1972568,train_valid,2
CHEMBL3691662,train_valid,2
CHEMBL3182621,train_valid,2
CHEMBL3691655,train_valid,2
CHEMBL3691594,train_valid,2
CHEMBL235849,train_valid,2
CHEMBL3658048,train_valid,2
CHEMBL4245507,train_valid,2
CHEMBL1738757,train_valid,2
CHEMBL1240761,train_valid,2
CHEMBL405042,train_valid,2
CHEMBL132369,train_valid,2
CHEMBL3301622,train_valid,2
CHEMBL1983268,train_valid,2
CHEMBL3691555,train_valid,2
CHEMBL3085237,train_valid,2
CHEMBL1978656,train_valid,2
CHEMBL77732,train_valid,2
CHEMBL413188,train_valid,2
CHEMBL1979357,train_valid,2
CHEMBL1964247,train_valid,2
CHEMBL328627,train_valid,2
CHEMBL3691647,train_valid,2
CHEMBL272026,train_valid,2
CHEMBL1974328,train_valid,2
CHEMBL1969588,train_valid,2
CHEMBL259922,train_valid,2
CHEMBL176702,train_valid,2
CHEMBL1987679,train_valid,2
CHEMBL1682360,train_valid,2
CHEMBL100220,train_valid,2
CHEMBL2004355,train_valid,2
CHEMBL393462,train_valid,2
CHEMBL260135,train_valid,2
CHEMBL1966722,train_valid,2
CHEMBL248891,train_valid,2
CHEMBL194032,train_valid,2
CHEMBL1966524,train_valid,2
CHEMBL1994864,train_valid,2
CHEMBL2017974,train_valid,2
CHEMBL2004290,train_valid,2
CHEMBL1999590,train_valid,2
CHEMBL173353,train_valid,2
CHEMBL1978200,train_valid,2
CHEMBL3545215,train_valid,2
CHEMBL335743,train_valid,2
CHEMBL3979164,train_valid,2
CHEMBL2001668,train_valid,2
CHEMBL3085245,train_valid,2
CHEMBL4454044,train_valid,2
CHEMBL419094,train_valid,2
CHEMBL5285754,train_valid,2
CHEMBL410072,train_valid,2
CHEMBL559411,train_valid,2
CHEMBL3953845,train_valid,2
CHEMBL319373,train_valid,2
CHEMBL452220,train_valid,2
CHEMBL243017,train_valid,2
CHEMBL389102,train_valid,2
CHEMBL1966703,train_valid,2
CHEMBL233209,train_valid,2
CHEMBL366734,train_valid,2
CHEMBL3691549,train_valid,2
CHEMBL2158848,train_valid,2
CHEMBL367691,train_valid,2
CHEMBL1979718,train_valid,2
CHEMBL482767,train_valid,2
CHEMBL76761,train_valid,2
CHEMBL1964242,train_valid,2
CHEMBL233456,train_valid,2
CHEMBL4797888,train_valid,2
CHEMBL75973,train_valid,2
CHEMBL336556,train_valid,2
CHEMBL3658049,train_valid,2
CHEMBL1964245,train_valid,2
CHEMBL2426383,train_valid,2
CHEMBL401776,train_valid,2
CHEMBL3691601,train_valid,2
CHEMBL3343047,train_valid,2
CHEMBL3545085,train_valid,2
CHEMBL1976732,train_valid,2
CHEMBL2041933,train_valid,2
CHEMBL3691617,train_valid,2
CHEMBL223367,train_valid,2
CHEMBL1982476,train_valid,2
CHEMBL1988594,train_valid,2
CHEMBL3691599,train_valid,2
CHEMBL403679,train_valid,2
CHEMBL4204030,train_valid,2
CHEMBL1614705,train_valid,2
CHEMBL233380,train_valid,2
CHEMBL3120215,train_valid,2
CHEMBL460940,train_valid,2
CHEMBL1995813,train_valid,2
CHEMBL3545307,train_valid,2
CHEMBL402157,train_valid,2
CHEMBL3644025,train_valid,2
CHEMBL230011,train_valid,2
CHEMBL3341771,train_valid,2
CHEMBL3691654,train_valid,2
CHEMBL209280,train_valid,2
CHEMBL99803,train_valid,2
CHEMBL398989,train_valid,2
CHEMBL1969502,train_valid,2
CHEMBL475251,train_valid,2
CHEMBL1972158,train_valid,2
CHEMBL4573345,train_valid,2
CHEMBL1996500,train_valid,2
CHEMBL2029905,train_valid,2
CHEMBL89292,train_valid,2
CHEMBL560075,train_valid,2
CHEMBL3658069,train_valid,2
CHEMBL2396661,train_valid,2
CHEMBL302449,train_valid,2
CHEMBL5092606,train_valid,2
CHEMBL1966343,train_valid,2
CHEMBL1990583,train_valid,2
CHEMBL4218267,train_valid,2
CHEMBL553,train_valid,2
CHEMBL3691568,train_valid,2
CHEMBL2029911,train_valid,2
CHEMBL130280,train_valid,2
CHEMBL1083150,train_valid,2
CHEMBL3691684,train_valid,2
CHEMBL300138,train_valid,2
CHEMBL195595,train_valid,2
CHEMBL320873,train_valid,2
CHEMBL228862,train_valid,2
CHEMBL178743,train_valid,2
CHEMBL1974157,train_valid,2
CHEMBL1998585,train_valid,2
CHEMBL451964,train_valid,2
CHEMBL438485,train_valid,2
CHEMBL2007044,train_valid,2
CHEMBL385190,train_valid,2
CHEMBL50894,train_valid,2
CHEMBL587723,train_valid,2
CHEMBL1908394,train_valid,2
CHEMBL2165191,train_valid,2
CHEMBL3085250,train_valid,2
CHEMBL286491,train_valid,2
CHEMBL3797873,train_valid,2
CHEMBL1908397,train_valid,2
CHEMBL401746,train_valid,2
CHEMBL1973142,train_valid,2
CHEMBL83980,train_valid,2
CHEMBL377300,train_valid,2
CHEMBL2004647,train_valid,2
CHEMBL2002553,train_valid,2
CHEMBL194495,train_valid,2
CHEMBL271594,train_valid,2
CHEMBL2403092,train_valid,2
CHEMBL271953,train_valid,2
CHEMBL368743,train_valid,2
CHEMBL1974702,train_valid,2
CHEMBL378248,train_valid,2
CHEMBL3691554,train_valid,2
CHEMBL249302,train_valid,2
CHEMBL378627,train_valid,2
CHEMBL340259,train_valid,2
CHEMBL3355482,train_valid,2
CHEMBL3658040,train_valid,2
CHEMBL1682345,train_valid,2
CHEMBL234452,train_valid,2
CHEMBL1972125,train_valid,2
CHEMBL4874631,train_valid,2
CHEMBL598797,train_valid,2
CHEMBL3343039,train_valid,2
CHEMBL1078178,train_valid,2
CHEMBL3343045,train_valid,2
CHEMBL1985406,train_valid,2
CHEMBL3651155,train_valid,2
CHEMBL3658064,train_valid,2
CHEMBL1236107,train_valid,2
CHEMBL3648082,train_valid,2
CHEMBL131378,train_valid,2
CHEMBL3085238,train_valid,2
CHEMBL183844,train_valid,2
CHEMBL4549667,train_valid,2
CHEMBL3691659,train_valid,2
CHEMBL2376648,train_valid,2
CHEMBL3991933,train_valid,2
CHEMBL220241,train_valid,2
CHEMBL1997025,train_valid,2
CHEMBL133461,train_valid,2
CHEMBL233152,train_valid,2
CHEMBL379193,train_valid,2
CHEMBL3085242,train_valid,2
CHEMBL1231206,train_valid,2
CHEMBL1234085,train_valid,2
CHEMBL210390,train_valid,2
CHEMBL249303,train_valid,2
CHEMBL489820,train_valid,2
CHEMBL270132,train_valid,2
CHEMBL210928,train_valid,2
CHEMBL385373,train_valid,2
CHEMBL2004438,train_valid,2
CHEMBL3644033,train_valid,2
CHEMBL3039513,train_valid,2
CHEMBL402759,train_valid,2
CHEMBL270544,train_valid,2
CHEMBL2426395,train_valid,2
CHEMBL1984586,train_valid,2
CHEMBL3691610,train_valid,2
CHEMBL1171837,train_valid,2
CHEMBL233208,train_valid,2
CHEMBL1614710,train_valid,2
CHEMBL86791,train_valid,2
CHEMBL1276446,train_valid,2
CHEMBL185569,train_valid,2
CHEMBL4211162,train_valid,2
CHEMBL3545328,train_valid,2
CHEMBL1984363,train_valid,2
CHEMBL403989,train_valid,2
CHEMBL377408,train_valid,2
CHEMBL321939,train_valid,2
CHEMBL231800,train_valid,2
CHEMBL1971186,train_valid,2
CHEMBL1996931,train_valid,2
CHEMBL3691673,train_valid,2
CHEMBL3085234,train_valid,2
CHEMBL1969190,train_valid,2
CHEMBL1980489,train_valid,2
CHEMBL565612,train_valid,2
CHEMBL76670,train_valid,2
CHEMBL445813,train_valid,2
CHEMBL3648079,train_valid,2
CHEMBL3343057,train_valid,2
CHEMBL1987533,train_valid,2
CHEMBL485556,train_valid,2
CHEMBL1964937,train_valid,2
CHEMBL223460,train_valid,2
CHEMBL79764,train_valid,2
CHEMBL1982506,train_valid,2
CHEMBL1975787,train_valid,2
CHEMBL231824,train_valid,2
CHEMBL3085231,train_valid,2
CHEMBL4294760,train_valid,2
CHEMBL347537,train_valid,2
CHEMBL80758,train_valid,2
CHEMBL1986139,train_valid,2
CHEMBL368351,train_valid,2
CHEMBL1614707,train_valid,2
CHEMBL1765781,train_valid,2
CHEMBL1983309,train_valid,2
CHEMBL4075917,train_valid,2
CHEMBL366698,train_valid,2
CHEMBL1991674,train_valid,2
CHEMBL5176826,train_valid,2
CHEMBL3187723,train_valid,2
CHEMBL80586,train_valid,2
CHEMBL127898,train_valid,2
CHEMBL335852,train_valid,2
CHEMBL2012408,train_valid,2
CHEMBL439841,train_valid,2
CHEMBL1682357,train_valid,2
CHEMBL3691648,train_valid,2
CHEMBL80895,train_valid,2
CHEMBL3691683,train_valid,2
CHEMBL1682341,train_valid,2
CHEMBL452727,train_valid,2
CHEMBL403605,train_valid,2
CHEMBL190460,train_valid,2
CHEMBL77413,train_valid,2
CHEMBL3648119,train_valid,2
CHEMBL366831,train_valid,2
CHEMBL2203628,train_valid,2
CHEMBL1984038,train_valid,2
CHEMBL3691545,train_valid,2
CHEMBL1979577,train_valid,2
CHEMBL5186340,train_valid,2
CHEMBL3691623,train_valid,2
CHEMBL74799,train_valid,2
CHEMBL564076,train_valid,2
CHEMBL121954,train_valid,2
CHEMBL3658079,train_valid,2
CHEMBL265903,train_valid,2
CHEMBL4579344,train_valid,2
CHEMBL2403097,train_valid,2
CHEMBL1996587,train_valid,2
CHEMBL1994074,train_valid,2
CHEMBL4216534,train_valid,2
CHEMBL4471850,train_valid,2
CHEMBL3648118,train_valid,2
CHEMBL1999918,train_valid,2
CHEMBL3085241,train_valid,2
CHEMBL1084715,train_valid,2
CHEMBL234067,train_valid,2
CHEMBL421578,train_valid,2
CHEMBL1095627,train_valid,2
CHEMBL2000345,train_valid,2
CHEMBL472542,train_valid,2
CHEMBL387448,train_valid,2
CHEMBL411696,train_valid,2
CHEMBL2204532,train_valid,2
CHEMBL3798762,train_valid,2
CHEMBL2105728,train_valid,2
CHEMBL1991395,train_valid,2
CHEMBL3188551,train_valid,2
CHEMBL3691566,train_valid,2
CHEMBL80674,train_valid,2
CHEMBL3991929,train_valid,2
CHEMBL3658022,train_valid,2
CHEMBL1088751,train_valid,2
CHEMBL3648110,train_valid,2
CHEMBL367442,train_valid,2
CHEMBL272946,train_valid,2
CHEMBL482621,train_valid,2
CHEMBL1801932,train_valid,2
CHEMBL4867633,train_valid,2
CHEMBL1974803,train_valid,2
CHEMBL191003,train_valid,2
CHEMBL3691609,train_valid,2
CHEMBL234625,train_valid,2
CHEMBL1985092,train_valid,2
CHEMBL336242,train_valid,2
CHEMBL2062937,train_valid,2
CHEMBL4782664,train_valid,2
CHEMBL2012403,train_valid,2
CHEMBL562002,train_valid,2
CHEMBL334881,train_valid,2
CHEMBL383264,train_valid,2
CHEMBL3691597,train_valid,2
CHEMBL513716,train_valid,2
CHEMBL211378,train_valid,2
CHEMBL1375640,train_valid,2
CHEMBL1982957,train_valid,2
CHEMBL2103839,train_valid,2
CHEMBL412142,train_valid,2
CHEMBL2003341,train_valid,2
CHEMBL1994938,train_valid,2
CHEMBL2012400,train_valid,2
CHEMBL337642,train_valid,2
CHEMBL210032,train_valid,2
CHEMBL3658056,train_valid,2
CHEMBL1682553,train_valid,2
CHEMBL195641,train_valid,2
CHEMBL2140408,train_valid,2
CHEMBL2029910,train_valid,2
CHEMBL2107832,train_valid,2
CHEMBL506669,train_valid,2
CHEMBL1965910,train_valid,2
CHEMBL175158,train_valid,2
CHEMBL1083785,train_valid,2
CHEMBL3691652,train_valid,2
CHEMBL2216870,train_valid,2
CHEMBL3691653,train_valid,2
CHEMBL1989029,train_valid,2
CHEMBL1727312,train_valid,2
CHEMBL1970879,train_valid,2
CHEMBL4875632,train_valid,2
CHEMBL3691622,train_valid,2
CHEMBL1968380,train_valid,2
CHEMBL3691624,train_valid,2
CHEMBL100670,train_valid,2
CHEMBL1922210,train_valid,2
CHEMBL329063,train_valid,2
CHEMBL2111869,train_valid,2
CHEMBL1241473,train_valid,2
CHEMBL5186159,train_valid,2
CHEMBL365599,train_valid,2
CHEMBL3691596,train_valid,2
CHEMBL1975937,train_valid,2
CHEMBL141247,train_valid,2
CHEMBL2000335,train_valid,2
CHEMBL101801,train_valid,2
CHEMBL2180862,train_valid,2
CHEMBL1981725,train_valid,2
CHEMBL411662,train_valid,2
CHEMBL2001547,train_valid,2
CHEMBL3932994,train_valid,2
CHEMBL1997534,train_valid,2
CHEMBL336176,train_valid,2
CHEMBL3691639,train_valid,2
CHEMBL3894999,train_valid,2
CHEMBL1974310,train_valid,2
CHEMBL3085251,train_valid,2
CHEMBL318911,train_valid,2
CHEMBL300389,train_valid,2
CHEMBL98554,train_valid,2
CHEMBL249500,train_valid,2
CHEMBL176576,train_valid,2
CHEMBL1979057,train_valid,2
CHEMBL177806,train_valid,2
CHEMBL3691640,train_valid,2
CHEMBL272668,train_valid,2
CHEMBL522892,train_valid,2
CHEMBL497151,train_valid,2
CHEMBL3691657,train_valid,2
CHEMBL3691560,train_valid,2
CHEMBL245174,train_valid,2
CHEMBL394619,train_valid,2
CHEMBL4446357,train_valid,2
CHEMBL1083786,train_valid,2
CHEMBL2007064,train_valid,2
CHEMBL306380,train_valid,2
CHEMBL1822792,train_valid,2
CHEMBL191893,train_valid,2
CHEMBL419830,train_valid,2
CHEMBL3914273,train_valid,2
CHEMBL3691634,train_valid,2
CHEMBL2158866,train_valid,2
CHEMBL1982541,train_valid,2
CHEMBL1287853,train_valid,2
CHEMBL3691606,train_valid,2
CHEMBL1968151,train_valid,2
CHEMBL1090356,train_valid,2
CHEMBL131382,train_valid,2
CHEMBL383316,train_valid,2
CHEMBL1964253,train_valid,2
CHEMBL2006237,train_valid,2
CHEMBL3654246,train_valid,2
CHEMBL232749,train_valid,3
CHEMBL3799935,train_valid,3
CHEMBL271160,train_valid,3
CHEMBL318471,train_valid,3
CHEMBL3691614,train_valid,3
CHEMBL590109,train_valid,3
CHEMBL1970806,train_valid,3
CHEMBL1084630,train_valid,3
CHEMBL255263,train_valid,3
CHEMBL1988437,train_valid,3
CHEMBL1982122,train_valid,3
CHEMBL282330,train_valid,3
CHEMBL3544944,train_valid,3
CHEMBL122245,train_valid,3
CHEMBL3648096,train_valid,3
CHEMBL233667,train_valid,3
CHEMBL2112681,train_valid,3
CHEMBL3991927,train_valid,3
CHEMBL495727,train_valid,3
CHEMBL1800462,train_valid,3
CHEMBL1998121,train_valid,3
CHEMBL3644020,train_valid,3
CHEMBL3691583,train_valid,3
CHEMBL1983963,train_valid,3
CHEMBL3085252,train_valid,3
CHEMBL3691607,train_valid,3
CHEMBL2000114,train_valid,3
CHEMBL4067871,train_valid,3
CHEMBL3639531,train_valid,3
CHEMBL5188442,train_valid,3
CHEMBL1983195,train_valid,3
CHEMBL195831,train_valid,3
CHEMBL1242973,train_valid,3
CHEMBL456689,train_valid,3
CHEMBL3654259,train_valid,3
CHEMBL1800461,train_valid,3
CHEMBL1984206,train_valid,3
CHEMBL1987009,train_valid,3
CHEMBL1241855,train_valid,3
CHEMBL246970,train_valid,3
CHEMBL370316,train_valid,3
CHEMBL1964251,train_valid,3
CHEMBL1969755,train_valid,3
CHEMBL1990821,train_valid,3
CHEMBL328164,train_valid,3
CHEMBL1980540,train_valid,3
CHEMBL1983449,train_valid,3
CHEMBL1991078,train_valid,3
CHEMBL1084969,train_valid,3
CHEMBL491243,train_valid,3
CHEMBL1986263,train_valid,3
CHEMBL1998435,train_valid,3
CHEMBL305823,train_valid,3
CHEMBL372465,train_valid,3
CHEMBL3658037,train_valid,3
CHEMBL2007138,train_valid,3
CHEMBL2103882,train_valid,3
CHEMBL1980896,train_valid,3
CHEMBL23525,train_valid,3
CHEMBL1981410,train_valid,3
CHEMBL2158862,train_valid,3
CHEMBL84944,train_valid,3
CHEMBL3907479,train_valid,3
CHEMBL2012414,train_valid,3
CHEMBL3651154,train_valid,3
CHEMBL1975128,train_valid,3
CHEMBL1991725,train_valid,3
CHEMBL242753,train_valid,3
CHEMBL1995927,train_valid,3
CHEMBL246284,train_valid,3
CHEMBL3654244,train_valid,3
CHEMBL2005828,train_valid,3
CHEMBL78223,train_valid,3
CHEMBL3691565,train_valid,3
CHEMBL1991180,train_valid,3
CHEMBL2111870,train_valid,3
CHEMBL2002446,train_valid,3
CHEMBL1971694,train_valid,3
CHEMBL1973098,train_valid,3
CHEMBL425904,train_valid,3
CHEMBL372503,train_valid,3
CHEMBL4074015,train_valid,3
CHEMBL2158845,train_valid,3
CHEMBL3301612,train_valid,3
CHEMBL77365,train_valid,3
CHEMBL173619,train_valid,3
CHEMBL107530,train_valid,3
CHEMBL1982874,train_valid,3
CHEMBL1965507,train_valid,3
CHEMBL80920,train_valid,3
CHEMBL430574,train_valid,3
CHEMBL134003,train_valid,3
CHEMBL255463,train_valid,3
CHEMBL1964307,train_valid,3
CHEMBL3658065,train_valid,3
CHEMBL2012415,train_valid,3
CHEMBL231568,train_valid,3
CHEMBL1973483,train_valid,3
CHEMBL2180604,train_valid,3
CHEMBL24828,train_valid,3
CHEMBL80754,train_valid,3
CHEMBL3691669,train_valid,3
CHEMBL217537,train_valid,3
CHEMBL392642,train_valid,3
CHEMBL309978,train_valid,3
CHEMBL25840,train_valid,3
CHEMBL1994693,train_valid,3
CHEMBL1966069,train_valid,3
CHEMBL65976,train_valid,3
CHEMBL207253,train_valid,3
CHEMBL1997023,train_valid,3
CHEMBL118258,train_valid,3
CHEMBL4292930,train_valid,3
CHEMBL1964777,train_valid,3
CHEMBL102926,train_valid,3
CHEMBL3648085,train_valid,3
CHEMBL99037,train_valid,3
CHEMBL177548,train_valid,3
CHEMBL2006933,train_valid,3
CHEMBL99782,train_valid,3
CHEMBL560813,train_valid,3
CHEMBL1946170,train_valid,3
CHEMBL2158858,train_valid,3
CHEMBL2012309,train_valid,3
CHEMBL3639469,train_valid,3
CHEMBL131098,train_valid,3
CHEMBL3798066,train_valid,3
CHEMBL3691638,train_valid,3
CHEMBL1966808,train_valid,3
CHEMBL422897,train_valid,3
CHEMBL103272,train_valid,3
CHEMBL513846,train_valid,3
CHEMBL1991678,train_valid,3
CHEMBL3658074,train_valid,3
CHEMBL1971947,train_valid,3
CHEMBL1234088,train_valid,3
CHEMBL226403,train_valid,3
CHEMBL41783,train_valid,3
CHEMBL3137336,train_valid,3
CHEMBL5201044,train_valid,3
CHEMBL2402945,train_valid,3
CHEMBL495758,train_valid,3
CHEMBL1992740,train_valid,3
CHEMBL3658031,train_valid,3
CHEMBL422759,train_valid,3
CHEMBL214433,train_valid,3
CHEMBL3648108,train_valid,3
CHEMBL1975500,train_valid,3
CHEMBL1682552,train_valid,3
CHEMBL1516890,train_valid,3
CHEMBL2402952,train_valid,3
CHEMBL130175,train_valid,3
CHEMBL308714,train_valid,3
CHEMBL2003420,train_valid,3
CHEMBL334619,train_valid,3
CHEMBL384304,train_valid,3
CHEMBL210540,train_valid,3
CHEMBL1974416,train_valid,3
CHEMBL214831,train_valid,3
CHEMBL2000832,train_valid,3
CHEMBL366642,train_valid,3
CHEMBL3654240,train_valid,3
CHEMBL3343040,train_valid,3
CHEMBL411426,train_valid,3
CHEMBL1970083,train_valid,3
CHEMBL2158864,train_valid,3
CHEMBL1971141,train_valid,3
CHEMBL216126,train_valid,3
CHEMBL3648109,train_valid,3
CHEMBL3343058,train_valid,3
CHEMBL1990496,train_valid,3
CHEMBL440717,train_valid,3
CHEMBL1971649,train_valid,3
CHEMBL1966628,train_valid,3
CHEMBL3085239,train_valid,3
CHEMBL1977148,train_valid,3
CHEMBL77610,train_valid,3
CHEMBL368936,train_valid,3
CHEMBL1994538,train_valid,3
CHEMBL1971149,train_valid,3
CHEMBL233454,train_valid,3
CHEMBL3658063,train_valid,3
CHEMBL133055,train_valid,3
CHEMBL368997,train_valid,3
CHEMBL1979855,train_valid,3
CHEMBL424375,train_valid,3
CHEMBL1089082,train_valid,3
CHEMBL409731,train_valid,3
CHEMBL389745,train_valid,3
CHEMBL516640,train_valid,3
CHEMBL1969102,train_valid,3
CHEMBL298445,train_valid,3
CHEMBL388956,train_valid,3
CHEMBL1800449,train_valid,3
CHEMBL269538,train_valid,3
CHEMBL3691646,train_valid,3
CHEMBL102871,train_valid,3
CHEMBL3691551,train_valid,3
CHEMBL549585,train_valid,3
CHEMBL307891,train_valid,3
CHEMBL3658053,train_valid,3
CHEMBL130904,train_valid,3
CHEMBL312406,train_valid,3
CHEMBL1999714,train_valid,3
CHEMBL4208198,train_valid,3
CHEMBL2001751,train_valid,3
CHEMBL4207218,train_valid,3
CHEMBL1682546,train_valid,3
CHEMBL2001224,train_valid,3
CHEMBL206834,train_valid,3
CHEMBL3691680,train_valid,3
CHEMBL1236126,train_valid,3
CHEMBL2003817,train_valid,3
CHEMBL462192,train_valid,3
CHEMBL317865,train_valid,3
CHEMBL3644019,train_valid,3
CHEMBL1645462,train_valid,3
CHEMBL3991934,train_valid,3
CHEMBL572878,train_valid,3
CHEMBL3654238,train_valid,3
CHEMBL120979,train_valid,3
CHEMBL400569,train_valid,3
CHEMBL372247,train_valid,3
CHEMBL2103830,train_valid,3
CHEMBL272387,train_valid,3
CHEMBL2002240,train_valid,3
CHEMBL1922211,train_valid,3
CHEMBL1970006,train_valid,3
CHEMBL46817,train_valid,3
CHEMBL132243,train_valid,3
CHEMBL3663760,train_valid,3
CHEMBL3691676,train_valid,3
CHEMBL176834,train_valid,3
CHEMBL3691587,train_valid,3
CHEMBL1994526,train_valid,3
CHEMBL1973395,train_valid,3
CHEMBL1890036,train_valid,3
CHEMBL1977681,train_valid,3
CHEMBL517744,train_valid,3
CHEMBL608533,train_valid,3
CHEMBL485081,train_valid,3
CHEMBL75319,train_valid,3
CHEMBL1987359,train_valid,3
CHEMBL5170524,train_valid,3
CHEMBL408439,train_valid,3
CHEMBL3691675,train_valid,3
CHEMBL1972576,train_valid,3
CHEMBL1977713,train_valid,3
CHEMBL2005886,train_valid,3
CHEMBL3774632,train_valid,3
CHEMBL1968127,train_valid,3
CHEMBL327300,train_valid,3
CHEMBL1998159,train_valid,3
CHEMBL1083151,train_valid,3
CHEMBL366312,train_valid,3
CHEMBL1994830,train_valid,3
CHEMBL1965495,train_valid,3
CHEMBL2004692,train_valid,3
CHEMBL306783,train_valid,3
CHEMBL1980163,train_valid,3
CHEMBL2029900,train_valid,3
CHEMBL3648125,train_valid,3
CHEMBL400568,train_valid,3
CHEMBL562606,train_valid,3
CHEMBL3691557,train_valid,3
CHEMBL2029912,train_valid,3
CHEMBL171975,train_valid,3
CHEMBL215152,train_valid,3
CHEMBL1992922,train_valid,3
CHEMBL418203,train_valid,3
CHEMBL3086065,train_valid,3
CHEMBL3343055,train_valid,3
CHEMBL3658058,train_valid,3
CHEMBL99423,train_valid,3
CHEMBL1336,train_valid,3
CHEMBL199299,train_valid,3
CHEMBL2002165,train_valid,3
CHEMBL234443,train_valid,3
CHEMBL306288,train_valid,3
CHEMBL1800460,train_valid,3
CHEMBL1240762,train_valid,3
CHEMBL482968,train_valid,3
CHEMBL1974254,train_valid,3
CHEMBL3644028,train_valid,3
CHEMBL512342,train_valid,3
CHEMBL131083,train_valid,3
CHEMBL367625,train_valid,3
CHEMBL1999749,train_valid,3
CHEMBL259084,train_valid,3
CHEMBL249094,train_valid,3
CHEMBL365554,train_valid,3
CHEMBL311488,train_valid,3
CHEMBL336537,train_valid,3
CHEMBL1972849,train_valid,3
CHEMBL509032,train_valid,3
CHEMBL1080583,train_valid,3
CHEMBL249518,train_valid,3
CHEMBL2005548,train_valid,3
CHEMBL1975138,train_valid,3
CHEMBL3823030,train_valid,3
CHEMBL272833,train_valid,3
CHEMBL1230607,train_valid,3
CHEMBL336995,train_valid,3
CHEMBL76784,train_valid,3
CHEMBL592030,train_valid,3
CHEMBL3691573,train_valid,3
CHEMBL172973,train_valid,3
CHEMBL461115,train_valid,3
CHEMBL411903,train_valid,3
CHEMBL411425,train_valid,3
CHEMBL3544983,train_valid,3
CHEMBL277351,train_valid,3
CHEMBL3691595,train_valid,3
CHEMBL1991728,train_valid,3
CHEMBL84140,train_valid,3
CHEMBL1972659,train_valid,3
CHEMBL1243071,train_valid,3
CHEMBL3970483,train_valid,3
CHEMBL4869939,train_valid,3
CHEMBL1986781,train_valid,3
CHEMBL5177698,train_valid,3
CHEMBL3590106,train_valid,3
CHEMBL1996208,train_valid,3
CHEMBL4213557,train_valid,3
CHEMBL48614,train_valid,3
CHEMBL3691598,train_valid,3
CHEMBL3691650,train_valid,3
CHEMBL1989646,train_valid,3
CHEMBL1800450,train_valid,3
CHEMBL3648114,train_valid,3
CHEMBL3691629,train_valid,3
CHEMBL556392,train_valid,3
CHEMBL3691553,train_valid,3
CHEMBL46181,train_valid,3
CHEMBL254170,train_valid,3
CHEMBL1988387,train_valid,3
CHEMBL411490,train_valid,3
CHEMBL1994241,train_valid,3
CHEMBL1085626,train_valid,3
CHEMBL402370,train_valid,3
CHEMBL234275,train_valid,3
CHEMBL1779593,train_valid,3
CHEMBL409104,train_valid,3
CHEMBL1971430,train_valid,3
CHEMBL1081831,train_valid,3
CHEMBL78214,train_valid,3
CHEMBL574613,train_valid,3
CHEMBL23327,train_valid,3
CHEMBL4649135,train_valid,3
CHEMBL1236682,train_valid,3
CHEMBL80213,train_valid,3
CHEMBL1944698,train_valid,3
CHEMBL3658052,train_valid,3
CHEMBL481491,train_valid,3
CHEMBL2402946,train_valid,3
CHEMBL3648124,train_valid,3
CHEMBL1800453,train_valid,3
CHEMBL5207871,train_valid,3
CHEMBL3648093,train_valid,3
CHEMBL3648112,train_valid,3
CHEMBL288441,train_valid,3
CHEMBL2002702,train_valid,3
CHEMBL3691571,train_valid,3
CHEMBL478797,train_valid,3
CHEMBL2003524,train_valid,3
CHEMBL3823659,train_valid,3
CHEMBL1996831,train_valid,3
CHEMBL3691580,train_valid,3
CHEMBL184847,train_valid,3
CHEMBL412091,train_valid,3
CHEMBL3691574,train_valid,3
CHEMBL80701,train_valid,3
CHEMBL371792,train_valid,3
CHEMBL2029901,train_valid,3
CHEMBL2005475,train_valid,3
CHEMBL1964413,train_valid,3
CHEMBL1998611,train_valid,3
CHEMBL3691630,train_valid,3
CHEMBL1966279,train_valid,3
CHEMBL1972183,train_valid,3
CHEMBL3648121,train_valid,3
CHEMBL2006188,train_valid,3
CHEMBL1966816,train_valid,3
CHEMBL214458,train_valid,3
CHEMBL177384,train_valid,3
CHEMBL1993781,train_valid,3
CHEMBL1982660,train_valid,3
CHEMBL2403094,train_valid,3
CHEMBL4874663,train_valid,3
CHEMBL562754,train_valid,3
CHEMBL80898,train_valid,3
CHEMBL1998829,train_valid,3
CHEMBL104467,train_valid,3
CHEMBL1972250,train_valid,3
CHEMBL3691649,train_valid,3
CHEMBL3691674,train_valid,3
CHEMBL49120,train_valid,3
CHEMBL1982135,train_valid,3
CHEMBL3658060,train_valid,3
CHEMBL369014,train_valid,3
CHEMBL311571,train_valid,3
CHEMBL3648113,train_valid,3
CHEMBL2204592,train_valid,3
CHEMBL2006010,train_valid,3
CHEMBL1976240,train_valid,3
CHEMBL193936,train_valid,3
CHEMBL429478,train_valid,3
CHEMBL1800454,train_valid,3
CHEMBL3658078,train_valid,3
CHEMBL368278,train_valid,3
CHEMBL2386744,train_valid,3
CHEMBL280623,train_valid,3
CHEMBL1949788,train_valid,3
CHEMBL3691550,train_valid,3
CHEMBL536151,train_valid,3
CHEMBL1984842,train_valid,3
CHEMBL1086088,train_valid,3
CHEMBL194721,train_valid,3
CHEMBL3651156,train_valid,3
CHEMBL310271,train_valid,3
CHEMBL77145,train_valid,3
CHEMBL1977346,train_valid,3
CHEMBL316940,train_valid,3
CHEMBL5188909,train_valid,3
CHEMBL233875,train_valid,3
CHEMBL1223528,train_valid,3
CHEMBL255863,train_valid,3
CHEMBL1982361,train_valid,3
CHEMBL1969843,train_valid,3
CHEMBL4741442,train_valid,3
CHEMBL1984432,train_valid,3
CHEMBL1800218,train_valid,3
CHEMBL2029907,train_valid,3
CHEMBL2403095,train_valid,3
CHEMBL76917,train_valid,3
CHEMBL1922094,train_valid,3
CHEMBL1994040,train_valid,3
CHEMBL1984191,train_valid,3
CHEMBL4088216,train_valid,3
CHEMBL1971245,train_valid,3
CHEMBL3085248,train_valid,3
CHEMBL3544960,train_valid,3
CHEMBL1922121,train_valid,3
CHEMBL415271,train_valid,3
CHEMBL1974870,train_valid,4
CHEMBL511478,train_valid,4
CHEMBL2002322,train_valid,4
CHEMBL269883,train_valid,4
CHEMBL3648106,train_valid,4
CHEMBL1981045,train_valid,4
CHEMBL373598,train_valid,4
CHEMBL3691575,train_valid,4
CHEMBL3182444,train_valid,4
CHEMBL2004934,train_valid,4
CHEMBL460086,train_valid,4
CHEMBL1988370,train_valid,4
CHEMBL521851,train_valid,4
CHEMBL1995736,train_valid,4
CHEMBL1991188,train_valid,4
CHEMBL1986869,train_valid,4
CHEMBL271182,train_valid,4
CHEMBL272165,train_valid,4
CHEMBL2003482,train_valid,4
CHEMBL411491,train_valid,4
CHEMBL1234354,train_valid,4
CHEMBL2029903,train_valid,4
CHEMBL1922219,train_valid,4
CHEMBL1922122,train_valid,4
CHEMBL3648081,train_valid,4
CHEMBL1234009,train_valid,4
CHEMBL52551,train_valid,4
CHEMBL335938,train_valid,4
CHEMBL258040,train_valid,4
CHEMBL1980142,train_valid,4
CHEMBL3544911,train_valid,4
CHEMBL1997503,train_valid,4
CHEMBL3654261,train_valid,4
CHEMBL1241935,train_valid,4
CHEMBL131695,train_valid,4
CHEMBL5184492,train_valid,4
CHEMBL3658072,train_valid,4
CHEMBL80693,train_valid,4
CHEMBL939,train_valid,4
CHEMBL507722,train_valid,4
CHEMBL3658081,train_valid,4
CHEMBL131031,train_valid,4
CHEMBL2000354,train_valid,4
CHEMBL190805,train_valid,4
CHEMBL47203,train_valid,4
CHEMBL2112678,train_valid,4
CHEMBL1800219,train_valid,4
CHEMBL3800585,train_valid,4
CHEMBL5170195,train_valid,4
CHEMBL1984274,train_valid,4
CHEMBL3648102,train_valid,4
CHEMBL1243038,train_valid,4
CHEMBL1091644,train_valid,4
CHEMBL3343038,train_valid,4
CHEMBL233874,train_valid,4
CHEMBL1993722,train_valid,4
CHEMBL2000433,train_valid,4
CHEMBL52387,train_valid,4
CHEMBL3654236,train_valid,4
CHEMBL3658073,train_valid,4
CHEMBL340384,train_valid,4
CHEMBL5089164,train_valid,4
CHEMBL272885,train_valid,4
CHEMBL1964252,train_valid,4
CHEMBL1970189,train_valid,4
CHEMBL249304,train_valid,4
CHEMBL3648088,train_valid,4
CHEMBL2029904,train_valid,4
CHEMBL177057,train_valid,4
CHEMBL3085243,train_valid,4
CHEMBL4589103,train_valid,4
CHEMBL1667969,train_valid,4
CHEMBL248757,train_valid,4
CHEMBL132948,train_valid,4
CHEMBL3654247,train_valid,4
CHEMBL1800451,train_valid,4
CHEMBL1241661,train_valid,4
CHEMBL3691621,train_valid,4
CHEMBL1988995,train_valid,4
CHEMBL1967887,train_valid,4
CHEMBL3691633,train_valid,4
CHEMBL3691612,train_valid,4
CHEMBL3648107,train_valid,4
CHEMBL427045,train_valid,4
CHEMBL1964260,train_valid,4
CHEMBL130306,train_valid,4
CHEMBL30432,train_valid,4
CHEMBL4867033,train_valid,4
CHEMBL1976220,train_valid,4
CHEMBL2007296,train_valid,4
CHEMBL4062877,train_valid,4
CHEMBL483451,train_valid,4
CHEMBL4213770,train_valid,4
CHEMBL1990885,train_valid,4
CHEMBL1223526,train_valid,4
CHEMBL271842,train_valid,4
CHEMBL210581,train_valid,4
CHEMBL2012413,train_valid,4
CHEMBL451462,train_valid,4
CHEMBL424872,train_valid,4
CHEMBL3658051,train_valid,4
CHEMBL1934327,train_valid,4
CHEMBL94794,train_valid,4
CHEMBL1982924,train_valid,4
CHEMBL496102,train_valid,4
CHEMBL2012401,train_valid,4
CHEMBL3648115,train_valid,4
CHEMBL131896,train_valid,4
CHEMBL1231124,train_valid,4
CHEMBL549915,train_valid,4
CHEMBL1988717,train_valid,4
CHEMBL1971801,train_valid,4
CHEMBL2005936,train_valid,4
CHEMBL602472,train_valid,4
CHEMBL1999126,train_valid,4
CHEMBL3343042,train_valid,4
CHEMBL337291,train_valid,4
CHEMBL2003657,train_valid,4
CHEMBL1989518,train_valid,4
CHEMBL335966,train_valid,4
CHEMBL514499,train_valid,4
CHEMBL270021,train_valid,4
CHEMBL2111873,train_valid,4
CHEMBL1987982,train_valid,4
CHEMBL363648,train_valid,4
CHEMBL1992323,train_valid,4
CHEMBL522891,train_valid,4
CHEMBL1994361,train_valid,4
CHEMBL133498,train_valid,4
CHEMBL1964255,train_valid,4
CHEMBL437747,train_valid,4
CHEMBL1975121,train_valid,4
CHEMBL254367,train_valid,4
CHEMBL1986597,train_valid,4
CHEMBL3039525,train_valid,4
CHEMBL3658027,train_valid,4
CHEMBL269850,train_valid,4
CHEMBL1972840,train_valid,4
CHEMBL1984788,train_valid,4
CHEMBL3658032,train_valid,4
CHEMBL38380,train_valid,4
CHEMBL1988075,train_valid,4
CHEMBL1682545,train_valid,4
CHEMBL2005186,train_valid,4
CHEMBL133533,train_valid,4
CHEMBL2336325,train_valid,4
CHEMBL1976093,train_valid,4
CHEMBL576982,train_valid,4
CHEMBL1233300,train_valid,4
CHEMBL1615025,train_valid,4
CHEMBL3654235,train_valid,4
CHEMBL4208504,train_valid,4
CHEMBL306183,train_valid,4
CHEMBL1985074,train_valid,4
CHEMBL1240760,train_valid,4
CHEMBL233153,train_valid,4
CHEMBL319170,train_valid,4
CHEMBL1981782,train_valid,4
CHEMBL2004615,train_valid,4
CHEMBL2006263,train_valid,4
CHEMBL460103,train_valid,4
CHEMBL1241849,train_valid,4
CHEMBL3691578,train_valid,4
CHEMBL1970735,train_valid,4
CHEMBL1969506,train_valid,4
CHEMBL3691564,train_valid,4
CHEMBL1966425,train_valid,4
CHEMBL3691611,train_valid,4
CHEMBL77122,train_valid,4
CHEMBL260103,train_valid,4
CHEMBL271137,train_valid,4
CHEMBL175409,train_valid,4
CHEMBL101166,train_valid,4
CHEMBL1083484,train_valid,4
CHEMBL1979883,train_valid,4
CHEMBL1979093,train_valid,4
CHEMBL3691681,train_valid,4
CHEMBL393460,train_valid,4
CHEMBL1967720,train_valid,4
CHEMBL370536,train_valid,4
CHEMBL5198038,train_valid,4
CHEMBL3545137,train_valid,4
CHEMBL3085235,train_valid,4
CHEMBL2001998,train_valid,4
CHEMBL133213,train_valid,4
CHEMBL254979,train_valid,4
CHEMBL1985566,train_valid,4
CHEMBL3691605,train_valid,4
CHEMBL1996066,train_valid,4
CHEMBL192216,train_valid,4
CHEMBL1970074,train_valid,4
CHEMBL1080901,train_valid,4
CHEMBL2006567,train_valid,4
CHEMBL1982465,train_valid,4
CHEMBL2001288,train_valid,4
CHEMBL269882,train_valid,4
CHEMBL1965570,train_valid,4
CHEMBL1986530,train_valid,4
CHEMBL80562,train_valid,4
CHEMBL1990415,train_valid,4
CHEMBL3691660,train_valid,4
CHEMBL523823,train_valid,4
CHEMBL243088,train_valid,4
CHEMBL1979516,train_valid,4
CHEMBL8817,train_valid,4
CHEMBL3648078,train_valid,4
CHEMBL3648095,train_valid,4
CHEMBL1173655,train_valid,4
CHEMBL80402,train_valid,4
CHEMBL396377,train_valid,4
CHEMBL4782716,train_valid,4
CHEMBL1979318,train_valid,4
CHEMBL1968850,train_valid,4
CHEMBL535331,train_valid,4
CHEMBL3648100,train_valid,4
CHEMBL3658050,train_valid,4
CHEMBL415789,train_valid,4
CHEMBL462385,train_valid,4
CHEMBL4203994,train_valid,4
CHEMBL75795,train_valid,4
CHEMBL443338,train_valid,4
CHEMBL312078,train_valid,4
CHEMBL1964692,train_valid,4
CHEMBL2402947,train_valid,4
CHEMBL10,train_valid,4
CHEMBL133477,train_valid,4
CHEMBL1997597,train_valid,4
CHEMBL4076837,train_valid,4
CHEMBL1977604,train_valid,4
CHEMBL1682346,train_valid,4
CHEMBL5197170,train_valid,4
CHEMBL410261,train_valid,4
CHEMBL3691658,train_valid,4
CHEMBL1967094,train_valid,4
CHEMBL1999496,train_valid,4
CHEMBL3185148,train_valid,4
CHEMBL76592,train_valid,4
CHEMBL941,train_valid,4
CHEMBL2007002,train_valid,4
CHEMBL1092754,train_valid,4
CHEMBL2012308,train_valid,4
CHEMBL234085,train_valid,4
CHEMBL1094408,train_valid,4
CHEMBL3691567,train_valid,4
CHEMBL4097778,train_valid,4
CHEMBL3658075,train_valid,4
CHEMBL4442620,train_valid,4
CHEMBL2111784,train_valid,4
CHEMBL1990912,train_valid,4
CHEMBL48362,train_valid,4
CHEMBL550060,train_valid,4
CHEMBL296586,train_valid,4
CHEMBL1987054,train_valid,4
CHEMBL564829,train_valid,4
CHEMBL2004872,train_valid,4
CHEMBL1990884,train_valid,4
CHEMBL2079588,train_valid,4
CHEMBL117697,train_valid,4
CHEMBL1970217,train_valid,4
CHEMBL1624529,train_valid,4
CHEMBL1999931,train_valid,4
CHEMBL269846,train_valid,4
CHEMBL3644024,train_valid,4
CHEMBL319467,train_valid,4
CHEMBL407709,train_valid,4
CHEMBL1987793,train_valid,4
CHEMBL3699142,train_valid,4
CHEMBL372464,train_valid,4
CHEMBL3658054,train_valid,4
CHEMBL3673434,train_valid,4
CHEMBL249096,train_valid,4
CHEMBL2006580,train_valid,4
CHEMBL3691682,train_valid,4
CHEMBL559881,train_valid,4
CHEMBL3644032,train_valid,4
CHEMBL1990212,train_valid,4
CHEMBL1989957,train_valid,4
CHEMBL1972584,train_valid,4
CHEMBL1738797,train_valid,4
CHEMBL101683,train_valid,4
CHEMBL249502,train_valid,4
CHEMBL3691667,train_valid,4
CHEMBL330398,train_valid,4
CHEMBL1980391,train_valid,4
CHEMBL4584344,train_valid,4
CHEMBL2012398,train_valid,4
CHEMBL1964243,train_valid,4
CHEMBL103115,train_valid,4
CHEMBL3691582,train_valid,4
CHEMBL1996979,train_valid,4
CHEMBL1964804,train_valid,4
CHEMBL97844,train_valid,4
CHEMBL2005528,train_valid,4
CHEMBL1243200,train_valid,4
CHEMBL1988163,train_valid,4
CHEMBL3648128,train_valid,4
CHEMBL383875,train_valid,4
CHEMBL396523,train_valid,4
CHEMBL123189,train_valid,4
CHEMBL3654255,train_valid,4
CHEMBL444874,train_valid,4
CHEMBL5192139,train_valid,4
CHEMBL1993243,train_valid,4
CHEMBL2012409,train_valid,4
CHEMBL249519,train_valid,4
CHEMBL4297488,train_valid,4
CHEMBL3658025,train_valid,4
CHEMBL1969301,train_valid,4
CHEMBL3648077,train_valid,4
CHEMBL2002373,train_valid,4
CHEMBL172811,train_valid,4
CHEMBL190201,train_valid,4
CHEMBL2005631,train_valid,4
CHEMBL3797559,train_valid,4
CHEMBL1996780,train_valid,4
CHEMBL3668457,train_valid,4
CHEMBL29197,train_valid,4
CHEMBL3658068,train_valid,4
CHEMBL1971943,train_valid,4
CHEMBL4878874,train_valid,4
CHEMBL3658028,train_valid,4
CHEMBL583144,train_valid,4
CHEMBL3658021,train_valid,4
CHEMBL3648127,train_valid,4
CHEMBL1972152,train_valid,4
CHEMBL1991434,train_valid,4
CHEMBL3426621,train_valid,4
CHEMBL1079175,train_valid,4
CHEMBL3658066,train_valid,4
CHEMBL1989856,train_valid,4
CHEMBL3545360,train_valid,4
CHEMBL3691644,train_valid,4
CHEMBL2012405,train_valid,4
CHEMBL2006481,train_valid,4
CHEMBL26564,train_valid,4
CHEMBL3658071,train_valid,4
CHEMBL73243,train_valid,4
CHEMBL453129,train_valid,4
CHEMBL210246,train_valid,4
CHEMBL4445812,train_valid,4
CHEMBL3691585,train_valid,4
CHEMBL2133806,train_valid,4
CHEMBL233455,train_valid,4
CHEMBL1967878,train_valid,4
CHEMBL368202,train_valid,4
CHEMBL3691641,train_valid,4
CHEMBL3991931,train_valid,4
CHEMBL3648089,train_valid,4
CHEMBL129977,train_valid,4
CHEMBL1995740,train_valid,4
CHEMBL1800452,train_valid,4
CHEMBL226345,train_valid,4
CHEMBL3408248,train_valid,4
CHEMBL1978014,train_valid,4
CHEMBL402846,train_valid,4
CHEMBL307367,train_valid,4
CHEMBL435330,train_valid,4
CHEMBL1980802,train_valid,4
CHEMBL1964259,train_valid,4
CHEMBL1682540,train_valid,4
CHEMBL2402948,train_valid,4
CHEMBL3691679,train_valid,4
CHEMBL89141,train_valid,4
CHEMBL3648086,train_valid,4
CHEMBL409892,train_valid,4
CHEMBL234626,train_valid,4
CHEMBL1240763,train_valid,4
CHEMBL4753307,train_valid,4
CHEMBL1800465,train_valid,4
CHEMBL1989805,train_valid,4
CHEMBL2403083,train_valid,4
CHEMBL1721885,train_valid,4
CHEMBL194882,train_valid,4
CHEMBL1794055,train_valid,4
CHEMBL1190711,train_valid,4
CHEMBL519697,train_valid,4
CHEMBL1966035,train_valid,4
CHEMBL4457566,train_valid,4
CHEMBL3654257,train_valid,4
CHEMBL3691625,train_valid,4
CHEMBL1971029,train_valid,4
CHEMBL1982563,train_valid,4
CHEMBL3691577,train_valid,4
CHEMBL2005375,train_valid,4
CHEMBL1236962,train_valid,4
CHEMBL1964444,train_valid,4
CHEMBL1991138,train_valid,4
CHEMBL3691627,train_valid,4
CHEMBL1873475,train_valid,4
CHEMBL336117,train_valid,4
CHEMBL31965,train_valid,4
CHEMBL412097,train_valid,4
CHEMBL337411,train_valid,4
CHEMBL1985095,train_valid,4
CHEMBL520975,train_valid,4
CHEMBL153843,train_valid,4
CHEMBL1800448,train_valid,4
CHEMBL176309,train_valid,4
CHEMBL86560,train_valid,4
CHEMBL1230609,train_valid,4
CHEMBL189963,train_valid,4
CHEMBL460102,train_valid,4
CHEMBL508541,train_valid,4
CHEMBL215803,train_valid,4
CHEMBL79329,train_valid,4
CHEMBL401064,train_valid,4
CHEMBL1987756,train_valid,4
CHEMBL98501,train_valid,4
CHEMBL2012402,train_valid,4
CHEMBL3648117,train_valid,4
CHEMBL502835,train_valid,4
CHEMBL2003638,train_valid,4
CHEMBL100312,train_valid,4
CHEMBL130161,train_valid,4
CHEMBL3691563,train_valid,4
CHEMBL3353410,train_valid,4
CHEMBL1980144,train_valid,4
CHEMBL1965423,train_valid,4
CHEMBL409690,train_valid,4
CHEMBL1242482,train_valid,4
CHEMBL256558,train_valid,4
CHEMBL319103,train_valid,4
CHEMBL337715,train_valid,4
CHEMBL491758,train_valid,4
CHEMBL1995592,train_valid,4
CHEMBL3648090,train_valid,4
CHEMBL193367,train_valid,4
CHEMBL553397,train_valid,4
CHEMBL1970203,train_valid,4
CHEMBL3648094,train_valid,4
CHEMBL385733,train_valid,4
CHEMBL2003768,train_valid,4
CHEMBL4205366,train_valid,4
CHEMBL3648120,train_valid,4
CHEMBL1984711,train_valid,4
CHEMBL317539,train_valid,4
CHEMBL244378,train_valid,4
CHEMBL291324,train_valid,4
CHEMBL3658029,train_valid,4
CHEMBL255262,train_valid,4
CHEMBL3654242,train_valid,4
CHEMBL391437,train_valid,4
CHEMBL3658059,train_valid,4
CHEMBL193029,train_valid,4
CHEMBL2105759,test,0
CHEMBL133377,test,0
CHEMBL2012412,test,0
CHEMBL1964256,test,0
CHEMBL1977223,test,0
CHEMBL1087650,test,0
CHEMBL1985311,test,0
CHEMBL3691618,test,0
CHEMBL2112682,test,0
CHEMBL3658070,test,0
CHEMBL3137331,test,0
CHEMBL3658084,test,0
CHEMBL3688339,test,0
CHEMBL1968406,test,0
CHEMBL1983923,test,0
CHEMBL202930,test,0
CHEMBL89650,test,0
CHEMBL125,test,0
CHEMBL2006631,test,0
CHEMBL419931,test,0
CHEMBL122182,test,0
CHEMBL1987034,test,0
CHEMBL369217,test,0
CHEMBL4851465,test,0
CHEMBL234451,test,0
CHEMBL213713,test,0
CHEMBL51709,test,0
CHEMBL2012404,test,0
CHEMBL1973893,test,0
CHEMBL511280,test,0
CHEMBL2006493,test,0
CHEMBL210229,test,0
CHEMBL1992342,test,0
CHEMBL3658061,test,0
CHEMBL1992645,test,0
CHEMBL1995391,test,0
CHEMBL1974664,test,0
CHEMBL445125,test,0
CHEMBL1986328,test,0
CHEMBL329505,test,0
CHEMBL405130,test,0
CHEMBL413,test,0
CHEMBL271715,test,0
CHEMBL142425,test,0
CHEMBL1998545,test,0
CHEMBL100818,test,0
CHEMBL4855730,test,0
CHEMBL1980995,test,0
CHEMBL1969561,test,0
CHEMBL392775,test,0
CHEMBL1989069,test,0
CHEMBL392743,test,0
CHEMBL17370,test,0
CHEMBL1984700,test,0
CHEMBL233224,test,0
CHEMBL118904,test,0
CHEMBL2002649,test,0
CHEMBL3545110,test,0
CHEMBL3691544,test,0
CHEMBL328194,test,0
CHEMBL1982383,test,0
CHEMBL1982980,test,0
CHEMBL195262,test,0
CHEMBL443962,test,0
CHEMBL3691620,test,0
CHEMBL336283,test,0
CHEMBL3648074,test,0
CHEMBL2403098,test,0
CHEMBL3691547,test,0
CHEMBL3039517,test,0
CHEMBL3188267,test,0
CHEMBL215086,test,0
CHEMBL2029914,test,0
CHEMBL75633,test,0
CHEMBL3544966,test,0
CHEMBL1982711,test,0
CHEMBL4519886,test,0
CHEMBL571897,test,0
CHEMBL409619,test,0
CHEMBL1981107,test,0
CHEMBL174773,test,0
CHEMBL3658023,test,0
CHEMBL100645,test,0
CHEMBL315837,test,0
CHEMBL411865,test,0
CHEMBL390467,test,0
CHEMBL3989868,test,0
CHEMBL2158861,test,0
CHEMBL337454,test,0
CHEMBL1978099,test,0
CHEMBL2323775,test,0
CHEMBL462011,test,0
CHEMBL3691632,test,0
CHEMBL3085249,test,0
CHEMBL559487,test,0
CHEMBL1207227,test,0
CHEMBL365937,test,0
CHEMBL1967544,test,0
CHEMBL1970709,test,0
CHEMBL88487,test,0
CHEMBL178737,test,0
CHEMBL225519,test,0
CHEMBL134233,test,0
CHEMBL1964257,test,0
CHEMBL23317,test,0
CHEMBL2029988,test,0
CHEMBL14762,test,0
CHEMBL2386747,test,0
CHEMBL3218578,test,0
CHEMBL385907,test,0
CHEMBL220057,test,0
CHEMBL1992644,test,0
CHEMBL513909,test,0
CHEMBL2103875,test,0
CHEMBL1982992,test,0
CHEMBL472382,test,0
CHEMBL1922218,test,0
CHEMBL3691616,test,0
CHEMBL1970104,test,0
CHEMBL3658083,test,0
CHEMBL562194,test,0
CHEMBL1974935,test,0
CHEMBL391229,test,0
CHEMBL217092,test,0
CHEMBL2048872,test,0
CHEMBL340776,test,0
CHEMBL134192,test,0
CHEMBL1964246,test,0
CHEMBL1988173,test,0
CHEMBL2158843,test,0
CHEMBL1801204,test,0
CHEMBL332612,test,0
CHEMBL438721,test,0
CHEMBL3218575,test,0
CHEMBL318208,test,0
CHEMBL2103840,test,0
CHEMBL77155,test,0
CHEMBL2004513,test,0
CHEMBL2386889,test,0
CHEMBL468280,test,0
CHEMBL387971,test,0
CHEMBL1725279,test,0
CHEMBL3301607,test,0
CHEMBL214025,test,0
CHEMBL2000508,test,0
CHEMBL203407,test,0
CHEMBL258039,test,0
CHEMBL5266005,test,0
CHEMBL262433,test,0
CHEMBL1970903,test,0
CHEMBL80203,test,0
CHEMBL1965589,test,0
CHEMBL233669,test,0
CHEMBL5191333,test,0
CHEMBL1614713,test,0
CHEMBL4282338,test,0
CHEMBL514201,test,0
CHEMBL2403108,test,0
CHEMBL3691672,test,0
CHEMBL1992306,test,0
CHEMBL2000685,test,0
CHEMBL77126,test,0
CHEMBL378420,test,0
CHEMBL1949789,test,0
CHEMBL3691546,test,0
CHEMBL318289,test,0
CHEMBL2029913,test,0
CHEMBL1977814,test,0
CHEMBL1994968,test,0
CHEMBL507361,test,0
CHEMBL129973,test,0
CHEMBL3691592,test,0
CHEMBL212049,test,0
CHEMBL4777981,test,0
CHEMBL591325,test,0
CHEMBL202721,test,0
CHEMBL372764,test,0
CHEMBL2001019,test,0
CHEMBL574737,test,0
CHEMBL3691548,test,0
CHEMBL2110732,test,0
CHEMBL3648116,test,0
CHEMBL212264,test,0
CHEMBL4214123,test,0
CHEMBL1972258,test,0
CHEMBL601719,test,0
CHEMBL1381197,test,0
CHEMBL338617,test,0
CHEMBL589630,test,0
CHEMBL408210,test,0
CHEMBL4462530,test,0
CHEMBL80916,test,0
CHEMBL195423,test,0
CHEMBL105436,test,0
CHEMBL2001485,test,0
CHEMBL2028663,test,0
CHEMBL1982466,test,0
CHEMBL415270,test,0
CHEMBL3673435,test,0
CHEMBL2004871,test,0
CHEMBL3691608,test,0
CHEMBL1095626,test,0
CHEMBL316512,test,0
CHEMBL2006276,test,0
CHEMBL1234087,test,0
CHEMBL89135,test,0
CHEMBL2029908,test,0
CHEMBL210963,test,0
CHEMBL5171657,test,0
CHEMBL440163,test,0
CHEMBL1970913,test,0
CHEMBL389343,test,0
CHEMBL1682359,test,0
CHEMBL1970317,test,0
CHEMBL132687,test,0
CHEMBL175225,test,0
CHEMBL571546,test,0
CHEMBL1922209,test,0
CHEMBL517745,test,0
CHEMBL24484,test,0
CHEMBL3654241,test,0
CHEMBL176488,test,0
CHEMBL410517,test,0
CHEMBL337161,test,0
CHEMBL2000801,test,0
CHEMBL3644021,test,0
CHEMBL119977,test,0
CHEMBL1984162,test,0
CHEMBL334507,test,0
CHEMBL1992634,test,0
CHEMBL1972820,test,0
CHEMBL3186534,test,0
CHEMBL4214634,test,0
CHEMBL3658085,test,0
CHEMBL400906,test,0
CHEMBL3691603,test,0
CHEMBL3545076,test,0
CHEMBL1998414,test,0
CHEMBL1987648,test,0
CHEMBL177138,test,0
CHEMBL518646,test,0
CHEMBL1983534,test,0
CHEMBL2386761,test,0
CHEMBL3648097,test,0
CHEMBL429057,test,0
CHEMBL210765,test,0
CHEMBL363302,test,0
