compound_id,base_rdkit_smiles,relation,avg_pIC50
CHEMBL1995172,Brc1ccc2c(c1)-c1[nH]ncc1C2,<,5.0
CHEMBL1984686,Brc1ccc2cnc(Nc3ccncn3)cc2c1,<,5.40000018605658
CHEMBL1992634,Brc1cnc2[nH]cc(-c3ccccc3)c2c1,<,5.800000874803203
CHEMBL2013064,Brc1cncc(-c2cnc(Nc3cc(N4CCNCC4)ccn3)s2)c1,,6.318758762624412
CHEMBL4784656,C#CC(=O)N1CC=C(c2ccc(C(C)C(=O)Nc3cc(C4CC4)[nH]n3)cn2)CC1,,7.920818753952375
CHEMBL598797,C#Cc1cccc(Nc2ncnc3cc(OC)c(OCCCCCCC(=O)NO)cc23)c1,<,4.522878745280337
CHEMBL553,C#Cc1cccc(Nc2ncnc3cc(OCCOC)c(OCCOC)cc23)c1,<,4.522878745280337
CHEMBL2087361,C#Cc1cccc(Nc2ncnc3cc4c(cc23)OCCOCCOCCO4)c1,<,4.522878745280337
CHEMBL1993877,C#Cc1cn(C2CCCC2)c2ncnc(N)c12,,5.800000874803203
CHEMBL4074015,C#Cc1nc(Nc2ccc(S(N)(=O)=O)cc2)nc2[nH]cnc12,,4.442492798094342
CHEMBL4094562,C#Cc1nc(Nc2ccccc2)nc2[nH]cnc12,,4.115204636051019
CHEMBL2035187,C1=N/C2=N/c3ccc(OCCN4CCCC4)c(c3)COC/C=C/COCc3cccc(c3)C(=C1)N2,<,4.522878745280337
CHEMBL4799698,C=CC(=O)N1CC=C(c2ccc(C(C(=O)Nc3cc(C4CC4)[nH]n3)C(C)C)cc2)CC1,,6.295849483160201
CHEMBL4790458,C=CC(=O)N1CC=C(c2ccc(C(C(=O)Nc3cc(C4CC4)[nH]n3)C(C)C)cn2)CC1,,6.128427064454121
CHEMBL4778214,C=CC(=O)N1CC=C(c2ccc(C(C)C(=O)Nc3cc(C4CC4)[nH]n3)cc2)CC1,,5.481486060122113
CHEMBL4792293,C=CC(=O)N1CC=C(c2ccc(C(C)C(=O)Nc3cc(C4CC4)[nH]n3)cc2F)CC1,,5.64754742221331
CHEMBL4778676,C=CC(=O)N1CC=C(c2ccc(C(C)C(=O)Nc3cc(C4CC4)[nH]n3)cn2)C1,,5.995678626217358
CHEMBL4778361,C=CC(=O)N1CC=C(c2ccc(C(C)C(=O)Nc3cc(C4CC4)[nH]n3)cn2)CC1,,5.508162839506591
CHEMBL4797074,C=CC(=O)N1CC=C(c2ccc(CC(=O)Nc3cc(C4CC4)[nH]n3)cn2)C1,,5.108462542327436
CHEMBL4777358,C=CC(=O)N1CC=C(c2ccc([C@H](C)C(=O)Nc3cc(C4CC4)[nH]n3)cc2)CC1,,5.640164517660112
CHEMBL4641226,C=CC(=O)N1CCC(C(=O)Nc2ncc(SCc3ncc(C(C)(C)C)o3)s2)CC1,,6.34008379993015
CHEMBL3545154,C=CC(=O)N1CCC(Oc2cc3c(Nc4ccc(Cl)c(Cl)c4F)ncnc3cc2OC)CC1,<,4.522878745280337
CHEMBL4776295,C=CC(=O)N1CCC(c2ccc(C(C)C(=O)Nc3cc(C4CC4)[nH]n3)cn2)C1,,5.761953896871205
CHEMBL4790705,C=CC(=O)N1CCC(c2ccc(C(C)C(=O)Nc3cc(C4CC4)[nH]n3)cn2)CC1,<,5.0
CHEMBL4800122,C=CC(=O)N1CCC(c2ccc([C@H](C)C(=O)Nc3cc(C4CC4)[nH]n3)cc2)CC1,,5.548213564475709
CHEMBL4779633,C=CC(=O)N1CCC=C(c2ccc(C(C)C(=O)Nc3cc(C4CC4)[nH]n3)cc2)CC1,,5.181444220702198
CHEMBL4783704,C=CC(=O)N1CCC=C(c2ccc(C(C)C(=O)Nc3cc(C4CC4)[nH]n3)cc2F)C1,,6.356547323513812
CHEMBL4781207,C=CC(=O)N1CCC=C(c2ccc(C(C)C(=O)Nc3cc(C4CC4)[nH]n3)cn2)C1,,6.815308569182402
CHEMBL4780788,C=CC(=O)N1CCCC(c2ccc(C(C)C(=O)Nc3cc(C4CC4)[nH]n3)cn2)C1,,5.454692883534176
CHEMBL1873475,C=CC(=O)N1CCC[C@@H](n2nc(-c3ccc(Oc4ccccc4)cc3)c3c(N)ncnc32)C1,<,4.522878745280337
CHEMBL3991931,C=CC(=O)N1CCC[C@H](n2c(=O)n(-c3ccc(Oc4ccccc4)cc3)c3c(N)ncnc32)C1,<,4.522878745280337
CHEMBL4781396,C=CC(=O)N1CCN(c2ccc(C(C)C(=O)Nc3cc(C4CC4)[nH]n3)cn2)CC1,,5.679853713888946
CHEMBL4781668,C=CC(=O)N1CCN(c2ccc([C@H](C)C(=O)Nc3cc(C4CC4)[nH]n3)cc2)CC1,,5.366612358429888
CHEMBL4744627,C=CC(=O)N1CCc2cc(S(=O)(=O)N3CCCC(Nc4ncc(SCc5ncc(C(C)(C)C)o5)s4)C3)ccc21,,6.349692476868063
CHEMBL4754339,C=CC(=O)NC(C)c1ccc(-c2ccc([C@H](C)C(=O)Nc3cc(C4CC4)[nH]n3)cc2)cn1,,5.542420853004238
CHEMBL4746619,C=CC(=O)NC1(c2ccc(-c3ccc([C@H](C)C(=O)Nc4cc(C5CC5)[nH]n4)cc3)cn2)CC1,,5.263364502313179
CHEMBL4793573,C=CC(=O)NC1CCC(C(=O)N2CCCC(Nc3ncc(SCc4ncc(C(C)(C)C)o4)s3)C2)CC1,,5.255707016877324
CHEMBL4779066,C=CC(=O)NC1CCC(c2ccc(C(C)C(=O)Nc3cc(C4CC4)n[nH]3)cc2)CC1,,5.349226403558163
CHEMBL4776271,C=CC(=O)NC1CCN(C(=O)N2CCCC(Nc3ncc(SCc4ncc(C(C)(C)C)o4)s3)C2)CC1,,5.209714835966758
CHEMBL4762563,C=CC(=O)NCc1ccc(-c2ccc(C(C)C(=O)Nc3cc(C4CC4)[nH]n3)cc2)cc1,,5.254903353252145
CHEMBL4779861,C=CC(=O)NCc1ccc(-c2ccc(C(C)C(=O)Nc3cc(C4CC4)[nH]n3)cc2)cn1,,6.214670164989233
CHEMBL4789071,C=CC(=O)NCc1ccc(-c2ccc(C(C)C(=O)Nc3cc(C4CC4)[nH]n3)cc2)nc1,,5.2753964846032835
CHEMBL4759298,C=CC(=O)NCc1ccc(-c2ccc(C(C)C(=O)Nc3cc(C4CC4)[nH]n3)cn2)cn1,<,5.0
CHEMBL4760738,C=CC(=O)NCc1ccc(-c2ccc([C@H](C)C(=O)Nc3cc(C4CC4)[nH]n3)cc2)cn1,,5.228670596043895
CHEMBL4759113,C=CC(=O)NCc1ccc(C(C)C(=O)Nc2cc(C3CC3)[nH]n2)cc1,<,5.0
CHEMBL4740663,C=CC(=O)NCc1ncc(-c2ccc([C@H](C)C(=O)Nc3cc(C4CC4)[nH]n3)cc2)cc1F,,5.883724412419456
CHEMBL3353410,C=CC(=O)Nc1cc(Nc2nccc(-c3cn(C)c4ccccc34)n2)c(OC)cc1N(C)CCN(C)C,<,4.522878745280337
CHEMBL2138625,C=CC(=O)Nc1cc2c(Nc3ccc(F)c(Cl)c3)ncnc2cc1C#CC(C)(C)N1CCN(C)CC1,<,4.522878745280337
CHEMBL31965,C=CC(=O)Nc1cc2c(Nc3ccc(F)c(Cl)c3)ncnc2cc1OCCCN1CCOCC1,<,4.522878745280337
CHEMBL4750818,C=CC(=O)Nc1ccc(-c2ccc(C(C)C(=O)Nc3cc(C4CC4)[nH]n3)cc2)cc1,,5.332170773855349
CHEMBL4644893,C=CC(=O)Nc1ccc(C(=O)N2CCCC(C(=O)Nc3ncc(SCc4ncc(C(C)(C)C)o4)s3)C2)cc1,,7.00436480540245
CHEMBL4753350,C=CC(=O)Nc1ccc(C(=O)N2CCCC(Nc3ncc(/C=C/c4ncc(C(C)(C)C)o4)s3)C2)cc1,,5.468521082957745
CHEMBL4794338,C=CC(=O)Nc1ccc(C(=O)N2CCCC(Nc3ncc(CCc4ncc(C(C)(C)C)o4)s3)C2)cc1,<,5.0
CHEMBL4781334,C=CC(=O)Nc1ccc(C(=O)N2CCCC(Nc3ncc(CNCc4ncc(C(C)(C)C)o4)s3)C2)cc1,,5.052076380168273
CHEMBL4763202,C=CC(=O)Nc1ccc(C(=O)N2CCCC(Nc3ncc(CNc4cc(C(F)(F)F)c(Cl)cn4)s3)C2)cc1,<,5.0
CHEMBL4764719,C=CC(=O)Nc1ccc(C(=O)N2CCCC(Nc3ncc(COCc4ncc(C(C)(C)C)o4)s3)C2)cc1,<,5.0
CHEMBL4789890,C=CC(=O)Nc1ccc(C(=O)N2CCCC(Nc3ncc(SCc4ccccn4)s3)C2)cc1,,5.542118103266008
CHEMBL4789917,C=CC(=O)Nc1ccc(C(=O)N2CCCC(Nc3ncc(SCc4cnc(C(F)(F)F)nc4)s3)C2)cc1,<,6.0
CHEMBL4746993,C=CC(=O)Nc1ccc(C(=O)N2CCCC(Nc3ncc(SCc4ncc(C(C)(C)C)o4)s3)C2)c(OC)c1,<,5.0
CHEMBL4781539,C=CC(=O)Nc1ccc(C(=O)N2CCCC(Nc3ncc(SCc4ncc(C(C)(C)C)o4)s3)C2)cc1,,6.460923901207224
CHEMBL4643754,C=CC(=O)Nc1ccc(C(=O)N2CCC[C@@H](Nc3ncc(SCC4CCOCC4)s3)C2)cc1,<,6.0
CHEMBL4797288,C=CC(=O)Nc1ccc(C(=O)N2CCC[C@@H](Nc3ncc(SCc4cncnc4)s3)C2)cc1,<,6.0
CHEMBL4788136,C=CC(=O)Nc1ccc(C(=O)N2CC[C@@H](Nc3ncc(SCc4ncc(C(C)(C)C)o4)s3)C2)cc1,,6.616184634019569
CHEMBL4450322,C=CC(=O)Nc1ccc(C(=O)Nc2[nH]nc3c2CN(C(=O)N[C@H](CN(C)C)c2ccccc2)C3(C)C)cc1,,7.378740999344388
CHEMBL4648392,C=CC(=O)Nc1ccc(C(=O)Nc2cc3cc(c2)Nc2nccc(n2)-c2cccc(c2)OCC/C=C/CN(C)C3)cc1,>,9.0
CHEMBL4467048,C=CC(=O)Nc1ccc(C(=O)Nc2ccc(Nc3n[nH]c4c3CN(C(=O)N[C@H](CN(C)C)c3ccccc3)C4(C)C)cc2)cc1,>,7.0
CHEMBL4761637,C=CC(=O)Nc1ccc(C(=O)Nc2cccc(C(=O)Nc3ncc(SCc4ncc(C(C)(C)C)o4)s3)c2)cc1,,6.505845405981558
CHEMBL4434871,C=CC(=O)Nc1ccc(C(=O)Nc2cccc(Nc3n[nH]c4c3CN(C(=O)N[C@H](CN(C)C)c3ccccc3)C4(C)C)c2)cc1,,7.909078206027614
CHEMBL5274920,C=CC(=O)Nc1ccc(C(=O)Nc2n[nH]c3ccc(-c4cncc(NC(=O)[C@@H](N)Cc5ccccc5)c4)cc23)cc1,,8.154901959985743
CHEMBL5277284,C=CC(=O)Nc1ccc(C(=O)Nc2n[nH]c3ccc(-c4cncc(NC(=O)[C@@H](N)c5ccccc5)c4)cc23)cc1,,7.1938200260161125
CHEMBL5288241,C=CC(=O)Nc1ccc(C(=O)Nc2n[nH]c3ccc(-c4cncc(NC[C@@H](O)c5ccccc5)c4)cc23)cc1,,8.397940008672037
CHEMBL5286683,C=CC(=O)Nc1ccc(C(=O)Nc2n[nH]c3ccc(-c4cncc(NC[C@H](O)c5ccccc5)c4)cc23)cc1,,8.221848749616356
CHEMBL5269885,C=CC(=O)Nc1ccc(C(=O)Nc2n[nH]c3ccc(-c4cncc(N[C@H](CO)Cc5ccccc5)c4)cc23)cc1,,8.301029995663981
CHEMBL5273413,C=CC(=O)Nc1ccc(C(=O)Nc2n[nH]c3ccc(-c4cncc(N[C@H](CO)c5ccccc5)c4)cc23)cc1,,7.721246399047171
CHEMBL4752238,C=CC(=O)Nc1ccc(O[C@@H]2CCC[C@@H](Nc3ncc(SCc4ncc(C(C)(C)C)o4)s3)C2)c(C(F)(F)F)c1,,6.302770657240282
CHEMBL4788401,C=CC(=O)Nc1ccc(O[C@@H]2CCC[C@@H](Nc3ncc(SCc4ncc(C(C)(C)C)o4)s3)C2)cc1,,5.892790030352131
CHEMBL4756935,C=CC(=O)Nc1ccc(S(=O)(=O)N2CCCC(Nc3ncc(SCc4ncc(C(C)(C)C)o4)s3)C2)cc1,,6.649751981665837
CHEMBL4786324,C=CC(=O)Nc1ccc([S+]([O-])N2CCCC(Nc3ncc(SCc4cccnc4)s3)C2)cc1,<,6.0
CHEMBL4797409,C=CC(=O)Nc1cccc(C(=O)N2CCCC(Nc3ncc(SCc4ncc(C(C)(C)C)o4)s3)C2)c1,,5.966576244513051
CHEMBL4743840,C=CC(=O)Nc1cccc(C(=O)Nc2ncc(N3CCC(N(C)C)CC3)s2)c1,<,5.0
CHEMBL4763994,C=CC(=O)Nc1cccc(C(=O)Nc2ncc(N3CCN(C(=O)OC(C)(C)C)CC3)s2)c1,<,5.0
CHEMBL4790868,C=CC(=O)Nc1cccc(C(=O)Nc2ncc(N3CCN(C)CC3)s2)c1,<,5.0
CHEMBL4749580,C=CC(=O)Nc1cccc(C(=O)Nc2ncc(N3CCN(CC)CC3)s2)c1,<,5.0
CHEMBL4777761,C=CC(=O)Nc1cccc(C(=O)Nc2ncc(N3CCOCC3)s2)c1,<,5.0
CHEMBL4643057,C=CC(=O)Nc1cccc(C(=O)Nc2ncc(SCc3ncc(C(C)(C)C)o3)s2)c1,,5.943095148663527
CHEMBL3545308,C=CC(=O)Nc1cccc(Nc2nc(Nc3ccc(N4CCN(C(C)=O)CC4)cc3OC)ncc2C(F)(F)F)c1,<,4.522878745280337
CHEMBL411907,C=CCN(/C=C1/C(=O)O[C@H](COC)[C@@]2(C)C1=C(O)C(=O)C1=C2[C@H](OC(C)=O)C[C@]2(C)C(=O)CC[C@@H]12)CC=C,<,4.522878745280337
CHEMBL1977749,C=CCc1cccc2c(=NO)cc(-c3ccccc3)oc12,<,5.40000018605658
CHEMBL1976040,C=CCn1c(=O)c2cnc(Nc3ccc(N4CCN(C)CC4)cc3)nc2n1-c1cccc(C(C)(C)O)n1,<,4.522878745280337
CHEMBL4782687,CC#CC(=O)N1CC=C(c2ccc(C(C)C(=O)Nc3cc(C4CC4)[nH]n3)cn2)CC1,,5.771599641296995
CHEMBL4794718,CC#CC(=O)N1CCC=C(c2ccc(C(C)C(=O)Nc3cc(C4CC4)[nH]n3)cn2)C1,,5.6595558851598815
CHEMBL2007375,CC#Cc1ccc2nccc(NC(=O)Nc3cccc(C(F)(F)F)n3)c2c1,<,5.40000018605658
CHEMBL3823659,CC(=O)N1CCC(n2cc(Nc3ncc(Cl)c(-c4cnc5ccccn45)n3)cn2)CC1,,7.6777807052660805
CHEMBL1972584,CC(=O)N1CCN(C2CCC(n3nc(-c4ccc(NC(=O)c5cc6ccccc6n5C)cc4)c4c(N)ncnc43)CC2)CC1,<,5.800000874803203
CHEMBL220688,CC(=O)N1CCN(Cc2ccc3[nH]c(-c4n[nH]c5cc(C#N)ccc45)cc3c2)CC1,,7.4089353929735005
CHEMBL1083786,CC(=O)N1CCN(c2ccc(Nc3nccc(-c4sc(C)nc4C)n3)cc2)CC1,,5.552221990705379
CHEMBL1084969,CC(=O)N1CCN(c2ccc(Nc3nccc(-c4sc(N)nc4C)n3)cc2)CC1,,5.667763584508557
CHEMBL2011353,CC(=O)N1CCN(c2ccnc(Nc3ncc(-c4cncc(C(=O)NCCN)c4)s3)c2)CC1,,6.6777807052660805
CHEMBL1980178,CC(=O)NC1CCCC(Nc2nc(Cl)cc(-c3c[nH]c4ncccc34)n2)C1,,6.599997654072044
CHEMBL4462530,CC(=O)N[C@@H]1CCC[C@H](C(=O)Nc2cc(-c3cnn4c3CC(C)(C)C4)c(Cl)cn2)C1,,5.958607314841775
CHEMBL1976872,CC(=O)Nc1cc2ccccn2n1,,4.200000030616179
CHEMBL2002723,CC(=O)Nc1ccc(-n2nc3ccc(N)nc3n2)cc1,,5.59999938302362
CHEMBL2103875,CC(=O)Nc1cccc(-n2c(=O)n(C3CC3)c(=O)c3c(Nc4ccc(I)cc4F)n(C)c(=O)c(C)c32)c1,<,4.522878745280337
CHEMBL189963,CC(=O)c1c(C)c2cnc(Nc3ccc(N4CCNCC4)cn3)nc2n(C2CCCC2)c1=O,<,4.522878745280337
CHEMBL2000568,CC(=O)c1cccc(-c2cnc3[nH]ccc3c2)c1,,5.499999678657065
CHEMBL1977931,CC(=O)c1ccccc1-c1ncnc2[nH]ccc12,,4.200000030616179
CHEMBL3688339,CC(=O)c1cnc2ccc(-c3cc(Cl)c(O)c(Cl)c3)nc2c1N[C@H]1CC[C@H](CN(C)C)CC1,,6.804100347590766
CHEMBL4798265,CC(C(=O)Nc1cc(C2CC2)[nH]n1)c1ccc(-c2ccc(CNC(=O)/C=C/CN3CCOCC3)cc2)cc1,,5.436400271118469
CHEMBL4744778,CC(C(=O)Nc1cc(C2CC2)[nH]n1)c1ccc(-c2ccc(NC(=O)/C=C/CN3CCOCC3)cc2)cc1,,5.247176936426044
CHEMBL4740577,CC(C(=O)Nc1cc(C2CC2)[nH]n1)c1ccc(-c2ccc(NC(=O)/C=C/CN3CCOCC3)nc2)cc1,,5.545650178246141
CHEMBL4789220,CC(C(=O)Nc1cc(C2CC2)[nH]n1)c1cccc(C2CCN(C(=O)/C=C/CN(C)C)CC2)c1,,6.886390848926972
CHEMBL1995211,CC(C)(C)Nc1ncnc2[nH]cc(-c3ccccc3)c12,<,5.40000018605658
CHEMBL2005699,CC(C)(C)c1cc(NC(=O)C(=O)c2cccc3ccccc23)n(-c2ccc(OCC(=O)O)cc2)n1,<,5.40000018605658
CHEMBL1977634,CC(C)(C)c1cc(NC(=O)C(=O)c2cccc3ccccc23)n(-c2ccc(OCC(N)=O)cc2)n1,<,5.40000018605658
CHEMBL2003689,CC(C)(C)c1cc(NC(=O)C(=O)c2cccc3ccccc23)n(-c2ccc(OCCC(=O)O)cc2)n1,<,5.40000018605658
CHEMBL1998680,CC(C)(C)c1cc(NC(=O)C(=O)c2cccc3ccccc23)n(-c2cccc(OCC(=O)NCCO)c2)n1,<,5.40000018605658
CHEMBL1964902,CC(C)(C)c1cc(NC(=O)C(=O)c2cccc3ccccc23)n(-c2cccc(OCC(=O)O)c2)n1,<,5.40000018605658
CHEMBL576982,CC(C)(C)c1cc(NC(=O)Nc2ccc(-c3cn4c(n3)sc3cc(OCCN5CCOCC5)ccc34)cc2)no1,<,4.522878745280337
CHEMBL1999506,CC(C)(C)c1cc(NC(=O)Nc2cccc3ccccc23)n(-c2cccc(C(=O)NCCCCC(=O)O)c2)n1,<,5.40000018605658
CHEMBL1970104,CC(C)(C)c1ccc2nc(-c3n[nH]c4ccccc34)[nH]c2c1,,6.699991797446187
CHEMBL296468,CC(C)(C)c1cnc(CSc2cnc(NC(=O)C3CCNCC3)s2)o1,,7.256685051715336
CHEMBL5273925,CC(C)(C)c1coc(CSc2cnc(NC(=O)C3CCNCC3)s2)n1,,7.2076083105017466
CHEMBL2028663,CC(C)(C)c1nc(-c2cccc(NS(=O)(=O)c3c(F)cccc3F)c2F)c(-c2ccnc(N)n2)s1,<,4.522878745280337
CHEMBL21156,CC(C)(C)c1nc2c3ccc(F)cc3c3c(=O)[nH]ccc3c2[nH]1,<,5.40000018605658
CHEMBL406845,CC(C)(C)n1nc(-c2ccc(Cl)cc2)c2c(N)ncnc21,<,5.40000018605658
CHEMBL1985723,CC(C)(CN)CNc1cc(-c2c[nH]c3ncccc23)cc(Cl)n1,,6.799998134593398
CHEMBL1987261,CC(C)(CN)CNc1cc(-c2c[nH]c3ncccc23)cc(F)n1,,6.399996913372259
CHEMBL1968930,CC(C)(CN)CNc1nc(Cl)cc(-c2c[nH]c3ncccc23)n1,,6.799998134593398
CHEMBL1971172,CC(C)(CNc1cc(-c2c[nH]c3ncccc23)cc(Cl)n1)CNS(C)(=O)=O,,7.199970640755866
CHEMBL1967662,CC(C)(CO)CCCNc1cc(-c2c[nH]c3ncccc23)cc(Cl)n1,,7.100015437450609
CHEMBL5179988,CC(C)(N)CNc1nn2c(-c3ccc(F)cc3F)cnc2s1,,6.698970004336019
CHEMBL1614725,CC(C)(O)CC(=O)NCCn1ccc2ncnc(Nc3ccc(Oc4cccc(C(F)(F)F)c4)c(Cl)c3)c21,<,4.522878745280337
CHEMBL2001641,CC(C)(O)c1cn(-c2ccc3[nH]ncc3c2)nn1,,5.0
CHEMBL1964382,CC(C)(c1cc(Br)c(O)c(I)c1)c1cc(Br)c(O)c(I)c1,<,5.40000018605658
CHEMBL1993374,CC(C)C(C)Nc1ncc(Cl)c(Nc2nccs2)n1,,6.0
CHEMBL1230607,CC(C)CC(=O)Nc1n[nH]c2c1CN(C(=O)C1CCN(C)CC1)C2(C)C,,8.048455006504028
CHEMBL4247704,CC(C)CN(C(=O)c1cccnc1)c1c2ccccc2c(=O)n2c1[nH]c1ccccc12,<,5.301029995663981
CHEMBL2006456,CC(C)CNC1CCC(Nc2nc(Cl)cc(-c3c[nH]c4ncccc34)n2)CC1,,7.50003813440381
CHEMBL1984842,CC(C)COc1nccn2c(-c3ccnc(NCC(C)(C)CO)n3)c(-c3ccc(F)cc3)nc12,<,5.40000018605658
CHEMBL1980763,CC(C)Cc1nc(Nc2ccc(N3CCOCC3)c(Cl)c2)nc2[nH]ccc12,<,5.40000018605658
CHEMBL1994318,CC(C)N(CCCN)C(=O)c1cccc(-n2nc(C(C)(C)C)cc2NC(=O)Nc2cccc3ccccc23)c1,,5.700000503883016
CHEMBL1988692,CC(C)NC1=NNC(=O)C1=Cc1cc2ccccc2[nH]1,<,5.40000018605658
CHEMBL3590106,CC(C)Nc1cc(-c2c[nH]c(C(=O)N[C@H](CO)c3cccc(Cl)c3)c2)c(Cl)cn1,<,4.522878745280337
CHEMBL2002432,CC(C)Nc1nccc(Nc2ncc(-c3ccccc3)s2)n1,,5.800000874803203
CHEMBL1989029,CC(C)OC1=NNC(=O)C1=Cc1c[nH]c2ccccc12,<,5.800000874803203
CHEMBL2007421,CC(C)Oc1cc(Nc2nc(NC(C)c3ccc(F)cn3)ncc2Cl)n[nH]1,,6.499996931948306
CHEMBL5193007,CC(C)c1[nH]n(-c2c(Cl)cccc2Cl)c2nc(Cc3ccc(OCCO)cc3)nc(=O)c1-2,,7.1487416512809245
CHEMBL1999120,CC(C)c1cc(=O)[nH]c2[nH][nH]c(=O)c12,,4.300000029139088
CHEMBL3545085,CC(C)c1cc(CNc2nc(Nc3cc(C4CC4)[nH]n3)cc(N3CCN(C)CC3)n2)on1,,5.842241113953136
CHEMBL4552441,CC(C)c1cnn2c(NCc3cccc4[nH]ncc34)nc(OC3CCCNC3)nc12,>,8.301029995663981
CHEMBL4440386,CC(C)c1cnn2c(NCc3cccc4c3cnn4C)nc(OC3CCCNC3)nc12,>,8.301029995663981
CHEMBL4519886,CC(C)c1cnn2c(NCc3ccccc3)cc(NCC3CCNCC3)nc12,,6.508638306165727
CHEMBL4637421,CC(C)c1cnn2c(NCc3ccccc3)cc(NCCCCCCCN)nc12,,6.184422251675732
CHEMBL1801932,CC(C)c1cnn2c(NCc3ccccc3)cc(NCCCCCCN)nc12,,7.409485537389117
CHEMBL4635439,CC(C)c1cnn2c(NCc3ccccc3)cc(NC[C@@H]3C[C@@H](O)CN3)nc12,,7.229147988357855
CHEMBL4472515,CC(C)c1cnn2c(NCc3ccccc3)cc(NC[C@H]3CCCC[C@@H]3O)nc12,,6.16304326294045
CHEMBL4297488,CC(C)c1cnn2c(NCc3ccccc3)cc(NC[C@H]3CCNC[C@@H]3O)nc12,,7.3979400086720375
CHEMBL4646646,CC(C)c1cnn2c(NCc3ccccc3)cc(N[C@@H](CO)CCCCCN)nc12,,6.494850021680094
CHEMBL4644434,CC(C)c1cnn2c(NCc3ccccc3)cc(N[C@@H](CO)[C@@H](O)CO)nc12,,6.6020599913279625
CHEMBL1234833,CC(C)c1cnn2c(NCc3ccccc3)cc(N[C@@H](CO)[C@H](O)CO)nc12,,6.6020599913279625
CHEMBL4646538,CC(C)c1cnn2c(NCc3ccccc3)cc(N[C@@H]3CCNC[C@H]3O)nc12,<,6.0
CHEMBL4649721,CC(C)c1cnn2c(NCc3ccccc3)cc(N[C@H](CO)CCCCCCc3cncnc3)nc12,,7.698970004336019
CHEMBL4637408,CC(C)c1cnn2c(NCc3ccccc3)cc(N[C@H]3CNC[C@H]3O)nc12,,7.568636235841013
CHEMBL4643708,CC(C)c1cnn2c(NCc3ccccc3)cc(N[C@]3(O)CCNC[C@H]3O)nc12,,7.7447274948966935
CHEMBL4562323,CC(C)c1cnn2c(NCc3ccccc3-n3cccn3)nc(OC3CCCNC3)nc12,>,8.301029995663981
CHEMBL4644572,CC(C)c1cnn2c(NCc3ccccc3-n3cccn3)nc(O[C@H]3CCCNC3)nc12,>,8.301029995663981
CHEMBL4639779,CC(C)c1cnn2c(NCc3ccccc3F)cc(NCCCCCCCN)nc12,,7.568636235841013
CHEMBL4638833,CC(C)c1cnn2c(NCc3ccccc3F)cc(NCCCCCCN)nc12,<,6.0
CHEMBL4633156,CC(C)c1cnn2c(NCc3ccccc3F)cc(N[C@@H](CO)CCCCCN)nc12,,7.221848749616356
CHEMBL4454044,CC(C)c1cnn2c(NCc3ccccc3N(C)C)nc(OC3CCN(C)CC3)nc12,>,8.301029995663981
CHEMBL5198038,CC(C)n1cc(-c2ccnc3[nH]c(C4CCN(CC(=O)N(C)C)CC4)cc23)ccc1=O,,6.337242168318426
CHEMBL5207871,CC(C)n1cc(-c2ccnc3[nH]c(C4CCN(CC(=O)N5CCCC5)CC4)cc23)ccc1=O,,5.536314818480488
CHEMBL5197170,CC(C)n1cc(-c2ccnc3[nH]c(C4CCN(CC(=O)N5CCCCC5)CC4)cc23)ccc1=O,,5.596910013008056
CHEMBL5188909,CC(C)n1cnc2c(NCc3nc4ccc(F)c(F)c4[nH]3)nc(N3CCCC[C@H]3CCO)nc21,<,4.522878745280337
CHEMBL1241674,CC(C)n1nc(-c2cc3cc(O)ccc3[nH]2)c2c(N)ncnc21,,5.259637310505756
CHEMBL1975923,CC(CCC(=O)O)(c1ccc(O)c(N)c1)c1ccc(O)c(N)c1,<,5.700000503883016
CHEMBL2002992,CC(N)C1CCC(C(=O)Nc2ccnc3[nH]ccc23)CC1,,6.0
CHEMBL1994526,CC(N)C1CCC(C(=O)Nc2ccncc2)CC1,<,5.40000018605658
CHEMBL1977138,CC(Nc1cncc(-n2cnc3ccc(C#N)cc32)n1)c1ccccc1F,,7.50003813440381
CHEMBL3774632,CC(O)CNc1nc(NCc2ccc(-c3ccccn3)cc2)c2[nH]nc(C(C)C)c2n1,,5.555955204081924
CHEMBL1825138,CC(Oc1cc(-c2cnn(C3CCNCC3)c2)cnc1N)c1c(Cl)ccc(F)c1Cl,,5.635542102078007
CHEMBL572881,CC1(C)CNc2cc(NC(=O)c3cccnc3NCc3ccncc3)ccc21,<,4.522878745280337
CHEMBL4069365,CC1(C)OCC(=O)Nc2cc(Nc3nc(NCC(F)(F)F)c4occc4n3)ccc21,<,5.0
CHEMBL2105728,CC1(COc2ccc3c(c2)ncn3-c2ccc3cccc(N4CCC(N)CC4)c3n2)COC1,<,4.522878745280337
CHEMBL1964718,CC1=CN2CC(=O)NN=C2C=C1,,4.100000018985305
CHEMBL234085,CC1CCN(C(=O)CC#N)CC1N(C)c1ncnc2[nH]ccc12,<,5.40000018605658
CHEMBL1966175,CC1CCN(C(=O)CC#N)CC1c1ncc2cnc3[nH]ccc3n12,<,5.40000018605658
CHEMBL1988141,CCC(=O)Nc1ccc(C(=O)N2CCNCC2)c(O)c1,,6.199998172182031
CHEMBL5199065,CCC(CC)c1cc(N[C@H]2CC[C@H](N)C2)n2nccc2n1,<,5.920818753952375
CHEMBL52387,CCC(CO)Nc1nc(NCc2ccccc2)c2ncn(C(C)C)c2n1,,7.100015437450609
CHEMBL1922120,CCC(O)[C@@H](CC)Nc1nc(NCc2cccnc2)c2ncn(C(C)C)c2n1,,5.958607314841775
CHEMBL1922209,CCC(O)[C@H](CC)Nc1nc(NCc2cccnc2)c2ncn(C(C)C)c2n1,,5.823908740944319
CHEMBL1992073,CCC1CC(NS(=O)(=O)C2CC2)CC1c1ncc2cnc3[nH]ccc3n12,<,5.40000018605658
CHEMBL1998470,CCCC(=O)Nc1cc(-c2c[nH]c3ncccc23)cc(Cl)n1,,6.399996913372259
CHEMBL1968705,CCCC(=O)Nc1cccc(-c2nc(Nc3ccc4[nH]ncc4c3)c3cc(OCCN4CCCC4)ccc3n2)c1,<,5.40000018605658
CHEMBL1985406,CCCC(=O)Nc1n[nH]c2ccc(-c3cccc(F)c3F)cc12,<,5.800000874803203
CHEMBL1977223,CCCC(=O)Nc1n[nH]c2ccc(-c3cn(Cc4ccccc4)nn3)cc12,,7.899974269892137
CHEMBL1972462,CCCCC#Cc1ccc(CN2CC(C(=O)O)C2)cc1,<,5.40000018605658
CHEMBL2006450,CCCCC(=O)Nc1cc(-c2c[nH]c3ncccc23)cc(Cl)n1,<,5.40000018605658
CHEMBL372764,CCCCCCCCCCCCCCCCCCOP(=O)([O-])OC1CC[N+](C)(C)CC1,<,4.522878745280337
CHEMBL1983348,CCCCN(CCC#N)C(=O)c1ccc2nc(-c3n[nH]c4ccccc34)[nH]c2c1,,6.199998172182031
CHEMBL1982700,CCCCNC(=O)c1cn(C(CC)CC)c(=O)c2cc(OC)c(OC)cc12,<,5.40000018605658
CHEMBL2007479,CCCCNc1nc(N)c(C(=O)c2ccccc2)s1,<,5.40000018605658
CHEMBL1997007,CCCNC(=O)c1ccc(Nc2nc(CC)c3cc[nH]c3n2)cc1,<,5.40000018605658
CHEMBL1984760,CCCNC(=O)c1ccc(Nc2nc(CCC(F)(F)F)c3cc[nH]c3n2)cc1,<,5.40000018605658
CHEMBL2006765,CCCNC(=O)c1ccc(Nc2nc(NCC(F)(F)F)c3cc[nH]c3n2)cc1,,5.9819171331657515
CHEMBL2007559,CCCNC(=O)c1ccc(Nc2nc(NCC(F)(F)F)c3sccc3n2)cc1,<,5.40000018605658
CHEMBL1971606,CCCOc1cccc(C(C)NC(=O)c2ccc(-c3ccncc3F)cc2)c1,<,5.40000018605658
CHEMBL1229517,CCCS(=O)(=O)Nc1ccc(F)c(C(=O)c2c[nH]c3ncc(-c4ccc(Cl)cc4)cc23)c1F,<,4.522878745280337
CHEMBL1230020,CCCS(=O)(=O)Nc1ccc(F)c(C(=O)c2c[nH]c3ncc(Cl)cc23)c1F,<,5.0
CHEMBL5285499,CCCc1cc(N[C@@H]2CC[C@@H](N)C2)n2nccc2n1,,5.055517327849832
CHEMBL1987430,CCCc1ccc2nccc(NC(=O)Nc3cccc(C(F)(F)F)n3)c2c1,<,5.40000018605658
CHEMBL2006564,CCN(C(C)=O)c1ccc(Nc2nc(NC3CC3)c3nc[nH]c3n2)cc1,,5.700000503883016
CHEMBL1999414,CCN(CC)CCCNC(=O)c1cnc(N)c2c(-c3ccc(NC(=O)Nc4cccc(C)c4)cc3)csc12,,6.399996913372259
CHEMBL1996649,CCN(CC)CCCNC(=O)c1cnc(N)c2c(-c3ccc(NC(=O)Nc4cccc(F)c4)cc3)csc12,,5.700000503883016
CHEMBL535,CCN(CC)CCNC(=O)c1c(C)[nH]c(/C=C2\C(=O)Nc3ccc(F)cc32)c1C,,6.341138428174904
CHEMBL1990885,CCN(CC)CCNC(=O)c1c(C)[nH]c(C=C2C(=O)Nc3ccc(F)cc32)c1C,,7.700057099977233
CHEMBL1970290,CCN(CC)CCNC(=O)c1cccc(-n2nc(C(C)(C)C)cc2NC(=O)Nc2cccc3ccccc23)c1,,6.0999990348465305
CHEMBL576113,CCN(CC)CCNc1ccc(O)c2ccccc12,<,5.40000018605658
CHEMBL49120,CCN(CC)CCOc1ccc(Nc2ncc3cc(-c4c(Cl)cccc4Cl)c(=O)n(C)c3n2)cc1,<,5.40000018605658
CHEMBL415049,CCN(CCCOc1ccc2c(Nc3cc(CC(=O)Nc4cccc(F)c4)[nH]n3)ncnc2c1)CCOP(=O)(O)O,<,4.522878745280337
CHEMBL2004637,CCN(CCN)C(=O)c1cccc(-n2nc(C(C)(C)C)cc2NC(=O)Nc2cccc3ccccc23)c1,,5.800000874803203
CHEMBL215152,CCN(CCO)CCCOc1ccc2c(Nc3cc(CC(=O)Nc4cccc(F)c4)[nH]n3)ncnc2c1,,4.917943118080115
CHEMBL587723,CCN1CCN(Cc2ccc(-c3cc4c(N[C@H](C)c5ccccc5)ncnc4[nH]3)cc2)CC1,<,4.522878745280337
CHEMBL574738,CCN1CCN(Cc2ccc(NC(=O)Nc3ccc(Oc4cc(NC)ncn4)cc3)cc2C(F)(F)F)CC1,,8.34201482727154
CHEMBL3301610,CCN1CCN(Cc2ccc(Nc3ncc(F)c(-c4cc(F)c5nc(C)n(C(C)C)c5c4)n3)nc2)CC1,,5.480404337669729
CHEMBL1973516,CCN1CCN(c2ccc(Nc3ncc(C#N)c(Nc4ccc5[nH]ncc5c4)n3)cc2)CC1,,7.100015437450609
CHEMBL1967998,CCN1CCN(c2ccc(Nc3ncc(Cl)c(Nc4ccc5[nH]ncc5c4)n3)cc2)CC1,,7.199970640755866
CHEMBL1991818,CCN1c2cc(N)ccc2-c2ccc(N)cc2C1(O)c1ccccc1,<,5.40000018605658
CHEMBL3699142,CCNC(=O)C#Cc1ccc2c(c1)NC(=O)/C2=C(\Nc1ccc(CN(C)C)cc1)c1ccccc1,<,4.522878745280337
CHEMBL1992220,CCNC(=O)NC1CCC(Nc2nc(Cl)cc(-c3c[nH]c4ncccc34)n2)CC1,,6.299997602857746
CHEMBL1086088,CCNc1nc(C)c(-c2ccnc(Nc3cc(OC)c(OC)c(OC)c3)n2)s1,,5.855425792390384
CHEMBL1084715,CCNc1nc(C)c(-c2ccnc(Nc3ccc(CNC(C)=O)cc3)n2)s1,,6.767003889607846
CHEMBL1983715,CCNc1nc(C)c(-c2ccnc(Nc3ccc(N4CCN(C(C)=O)CC4)cc3)n2)s1,,6.699991797446187
CHEMBL1084630,CCNc1nc(C)c(-c2ccnc(Nc3ccc(N4CCOCC4)cc3)n2)s1,<,5.0
CHEMBL1999112,CCOC(=O)C1=c2sc(=Cc3ccco3)c(=O)n2C(N)=C(C#N)C1c1ccco1,<,5.800000874803203
CHEMBL1981671,CCOC(=O)Cc1nc2c(N)cccc2[nH]1,<,5.40000018605658
CHEMBL1974480,CCOC(=O)Cc1nc2c3cc(Br)ccc3[nH]c(=O)n2n1,,5.499999678657065
CHEMBL1970352,CCOC(=O)c1c(C)n(-c2ccc(I)cc2)c2c1cc(O)c1ccccc12,,5.40000018605658
CHEMBL1997611,CCOC(=O)c1nc2c(=O)[nH]c3cc([N+](=O)[O-])c(NC(C)=O)cc3n2c1C,<,5.40000018605658
CHEMBL2002736,CCOCC(C)Oc1cccc2[nH]nc(N)c12,<,5.40000018605658
CHEMBL607707,CCOc1cc2ncc(C#N)c(Nc3ccc(F)c(Cl)c3)c2cc1NC(=O)/C=C/CN(C)C,<,4.522878745280337
CHEMBL180022,CCOc1cc2ncc(C#N)c(Nc3ccc(OCc4ccccn4)c(Cl)c3)c2cc1NC(=O)/C=C/CN(C)C,,4.826275374065508
CHEMBL1971289,CCOc1ccc(C=C2SC(=N)NC2=O)c(O)c1,<,5.40000018605658
CHEMBL460702,CCOc1ccn(-c2ccc(F)cc2)c(=O)c1C(=O)Nc1ccc(Oc2ccnc(N)c2Cl)c(F)c1,<,4.522878745280337
CHEMBL2105759,CCS(=O)(=O)N1CC(CC#N)(n2cc(-c3ncnc4[nH]ccc34)cn2)C1,<,4.522878745280337
CHEMBL3991929,CCS(=O)(=O)N1CCN(c2ccc(Nc3ncc(C(N)=O)c(NC4CC4)n3)cc2)CC1,<,4.522878745280337
CHEMBL3544932,CCS(=O)(=O)c1cccc(-c2cc(C(=O)NC3CCN(C)CC3)c(C)c3[nH]c4ncc(C)cc4c23)c1,,6.688246138944246
CHEMBL133342,CC[C@@H](CO)Nc1nc(NCc2ccccc2)c2ncn(C(C)C)c2n1,,6.301029995663981
CHEMBL1922123,CC[C@@H](Nc1nc(NCc2cccnc2)c2ncn(C(C)C)c2n1)C(C)(C)O,,5.508638306165727
CHEMBL1922122,CC[C@@H](Nc1nc(NCc2cccnc2)c2ncn(C(C)C)c2n1)C(O)C(C)(C)C,,5.795880017344075
CHEMBL1922121,CC[C@@H](Nc1nc(NCc2cccnc2)c2ncn(C(C)C)c2n1)C(O)C(C)C,,5.657577319177793
CHEMBL1922218,CC[C@@H](Nc1nc(NCc2cccnc2)c2ncn(C(C)C)c2n1)[C@H](C)O,,6.301029995663981
CHEMBL513909,CC[C@@H]1C(=O)N(C)c2cnc(Nc3ccc(C(=O)NC4CCN(C)CC4)cc3OC)nc2N1C1CCCC1,,4.916345451770369
CHEMBL1233528,CC[C@@H]1C(=O)N(C)c2cnc(Nc3ccc(C(=O)N[C@H]4CC[C@H](N5CCN(CC6CC6)CC5)CC4)cc3OC)nc2N1C(C)C,<,4.522878745280337
CHEMBL3039513,CC[C@@](C)(Nc1ccnc(-c2c[nH]c3ncccc23)n1)C(=O)NCC(F)(F)F,<,4.522878745280337
CHEMBL4636757,CC[C@H](CO)Nc1cc(NCc2ccccc2)n2ncc(C(C)C)c2n1,,7.154901959985743
CHEMBL14762,CC[C@H](CO)Nc1nc(NCc2ccccc2)c2ncn(C(C)C)c2n1,,6.030844646296643
CHEMBL4764173,CC[C@H](Nc1nc(NCc2ccccc2)c2ncn(C(C)C)c2n1)[C@@H](C)O,,6.714442690992226
CHEMBL1922212,CC[C@H](Nc1nc(NCc2cccnc2)c2ncn(C(C)C)c2n1)C(C)(C)O,,5.6020599913279625
CHEMBL1922211,CC[C@H](Nc1nc(NCc2cccnc2)c2ncn(C(C)C)c2n1)C(O)C(C)(C)C,,5.455931955649724
CHEMBL1922210,CC[C@H](Nc1nc(NCc2cccnc2)c2ncn(C(C)C)c2n1)C(O)C(C)C,,5.455931955649724
CHEMBL1922219,CC[C@H](Nc1nc(NCc2cccnc2)c2ncn(C(C)C)c2n1)[C@@H](C)O,,6.085026652029182
CHEMBL3655762,CC[C@H](Nc1nc(NCc2cnc(C)cc2C)c2ncn(C(C)C)c2n1)[C@@H](C)O,,6.714442690992226
CHEMBL2216870,CC[C@H](Nc1ncnc2[nH]cnc12)c1nc2cccc(F)c2c(=O)n1-c1ccccc1,<,4.522878745280337
CHEMBL1976420,CCc1c(-c2ccc(C(C)(C)O)cc2)[nH]c2nccnc12,<,5.40000018605658
CHEMBL1994555,CCc1c(-c2ccc(C(C)=O)cc2)[nH]c2nccnc12,,5.499999678657065
CHEMBL1738797,CCc1cc2c(cc1N1CCC(N3CCOCC3)CC1)C(C)(C)c1[nH]c3cc(C#N)ccc3c1C2=O,<,4.522878745280337
CHEMBL1986756,CCc1ccc2c(NC(=O)Nc3cccc(C(F)(F)F)n3)ccnc2c1,<,5.40000018605658
CHEMBL2006674,CCc1cnn2c(NCc3ccc[n+]([O-])c3)cc(N3CCCCC3CCO)nc12,,7.400007822415902
CHEMBL2103840,CCc1cnn2c(NCc3ccc[n+]([O-])c3)cc(N3CCCC[C@H]3CCO)nc12,,6.881454443863015
CHEMBL3301622,CCc1nc(C(N)=O)c(Nc2ccc(N3CCC(N4CCN(C)CC4)CC3)c(OC)c2)nc1NC1CCOCC1,<,4.522878745280337
CHEMBL2004118,CCc1nc(Nc2ccc(N3CCOCC3)c(Cl)c2)nc2[nH]ccc12,<,5.40000018605658
CHEMBL494089,CCn1c(-c2nonc2N)nc2c(C#CC(C)(C)O)ncc(OC[C@H]3CCCNC3)c21,<,4.522878745280337
CHEMBL1870106,CCn1c(-c2nonc2N)nc2cncc(C(=O)N3CCC(N)C3)c21,,5.59999938302362
CHEMBL3545366,CCn1c(=O)c(-c2cc[nH]n2)cc2c(C)nc(N)nc21,<,4.522878745280337
CHEMBL3545215,CCn1c(C(=O)N(C2CC2)C2CC2)cc2c3c(ncn3C)c(Nc3cc(C)n(C)n3)nc21,<,4.522878745280337
CHEMBL1090479,CCn1cc(-c2ccnc3[nH]c(-c4cccc(CN(C)C)c4)cc23)c(-c2ccc(NC(=O)N(C)C)cc2)n1,<,4.522878745280337
CHEMBL4649135,CCn1cnc2c(NCc3nc4ccc(F)c(F)c4[nH]3)nc(N3CCCC[C@H]3CCO)nc21,<,4.552841968657781
CHEMBL3426225,CCn1nc(C#Cc2cc(C(=O)Nc3ccc(CN4CCN(C)CC4)c(C(F)(F)F)c3)ccc2C)c2c(N)ncnc21,<,5.0
CHEMBL3612492,CN(/N=C/c1cnn2ccc(Cl)nc12)S(=O)(=O)c1ccc(F)cc1,<,5.0
CHEMBL3612491,CN(/N=C/c1cnn2ccc(Cl)nc12)S(=O)(=O)c1ccc([N+](=O)[O-])cc1,<,5.0
CHEMBL3612495,CN(/N=C/c1cnn2ccc(Cl)nc12)S(=O)(=O)c1ccc[n+]([O-])c1,<,5.0
CHEMBL3612489,CN(/N=C/c1cnn2ccc(Cl)nc12)S(=O)(=O)c1cccc(C#N)c1,<,5.0
CHEMBL3612488,CN(/N=C/c1cnn2ccc(Cl)nc12)S(=O)(=O)c1cccc(OC(F)(F)F)c1,<,5.0
CHEMBL3612485,CN(/N=C/c1cnn2ccc(Cl)nc12)S(=O)(=O)c1cccc([N+](=O)[O-])c1,,5.034140063192928
CHEMBL3612483,CN(/N=C/c1cnn2ccc(Cl)nc12)S(=O)(=O)c1ccccc1,<,5.0
CHEMBL3612494,CN(/N=C/c1cnn2ccc(Cl)nc12)S(=O)(=O)c1cccnc1,<,5.0
CHEMBL5207274,CN(C)/C=C/CC(=O)Nc1ccc(C(=O)N[C@@]2(C)CCC[C@@H](Nc3ncc(Cl)c(-c4c[nH]c5ccccc45)n3)C2)nc1,,7.7594507517174005
CHEMBL5196685,CN(C)/C=C/CC(=O)Nc1ccc(C(=O)Nc2cccc(Nc3ncc(Cl)c(-c4cc5ccccc5[nH]4)n3)c2)cc1,,8.494850021680094
CHEMBL3545110,CN(C)C(=O)c1cc2cnc(Nc3ccc(N4CCNCC4)cn3)nc2n1C1CCCC1,<,4.522878745280337
CHEMBL374940,CN(C)C(=O)c1ccc2c(-c3cc4cc(CN5CCOCC5)ccc4[nH]3)n[nH]c2c1,<,4.0
CHEMBL4777844,CN(C)C/C=C/C(=O)N1CCC(C(=O)Nc2ncc(SCc3ncc(C(C)(C)C)o3)s2)CC1,,6.87942606879415
CHEMBL1173655,CN(C)C/C=C/C(=O)Nc1cc2c(Nc3ccc(F)c(Cl)c3)ncnc2cc1O[C@H]1CCOC1,<,4.522878745280337
CHEMBL4761001,CN(C)C/C=C/C(=O)Nc1ccc(C(=O)N2CCCC(Nc3ncc(SCc4ncc(C(C)(C)C)o4)s3)C2)cc1,,5.301029995663981
CHEMBL4163879,CN(C)C/C=C/C(=O)Nc1ccc(C(=O)N2CCC[C@@H](Nc3ncc(Cl)c(-c4c[nH]c5ccccc45)n3)C2)cc1,,6.801342913045577
CHEMBL4648857,CN(C)C/C=C/C(=O)Nc1ccc(C(=O)N2CCC[C@H](Nc3ncc(Cl)c(-c4c[nH]c5ccccc45)n3)C2)cc1,,5.070581074285707
CHEMBL4758168,CN(C)C/C=C/C(=O)Nc1ccc(C(=O)N2CC[C@@H](Nc3ncc(SCc4ncc(C(C)(C)C)o4)s3)C2)cc1,,6.638272163982407
CHEMBL4582951,CN(C)C/C=C/C(=O)Nc1ccc(C(=O)N[C@@]2(C)CCC[C@@H](Nc3ncc(Cl)c(-c4c[nH]c5ccccc45)n3)C2)nc1,,4.075720713938118
CHEMBL4468921,CN(C)C/C=C/C(=O)Nc1ccc(C(=O)N[C@H]2CCC[C@@](C)(Nc3ncc(Cl)c(-c4c[nH]c5ccccc45)n3)C2)nc1,<,6.698970004336019
CHEMBL3603847,CN(C)C/C=C/C(=O)Nc1ccc(C(=O)Nc2cccc(Nc3ncc(Cl)c(-c4c[nH]c5ccccc45)n3)c2)cc1,,8.142152724011817
CHEMBL4756353,CN(C)C/C=C/C(=O)Nc1ccc(C(=O)Nc2ncc(SCc3ncc(C(C)(C)C)o3)s2)cc1,,7.27083521030723
CHEMBL4744850,CN(C)C/C=C/C(=O)Nc1ccc(S(=O)(=O)N2CCCC(Nc3ncc(SCc4ncc(C(C)(C)C)o4)s3)C2)cc1,,6.801342913045577
CHEMBL4752989,CN(C)C/C=C/C(=O)Nc1cccc(C(=O)N2CCCC(Nc3ncc(SCc4ncc(C(C)(C)C)o4)s3)C2)c1,,6.2549252084179425
CHEMBL4303287,CN(C)C/C=C/C(=O)Nc1cccc(C(=O)Nc2cccc(Nc3ncc(Cl)c(-c4c[nH]c5ccccc45)n3)c2)c1,,7.711254100081387
CHEMBL4786429,CN(C)C/C=C/C(=O)Nc1cccc(C(=O)Nc2ncc(SCc3ncc(C(C)(C)C)o3)s2)c1,,6.645891560852599
CHEMBL1969151,CN(C)C1CCC(Nc2nc(Cl)cc(-c3c[nH]c4ncccc34)n2)CC1,,7.0
CHEMBL1965702,CN(C)C1CCCC(Nc2nc(Cl)cc(-c3c[nH]c4ncccc34)n2)C1,,7.199970640755866
CHEMBL592445,CN(C)C1CCN(C(=O)c2ccc(NC(=O)Nc3ccc(-c4nc(N5CCOCC5)nc(N5CCOCC5)n4)cc3)cc2)CC1,<,4.522878745280337
CHEMBL1908395,CN(C)CC(=O)N1CCC(c2ccc(NC(=O)c3nc(C#N)c[nH]3)c(C3=CCCCC3)c2)CC1,<,5.0
CHEMBL1991725,CN(C)CC(=O)NC(COc1cncc(-c2ccc3cnccc3c2)c1)Cc1c[nH]c2ccccc12,,6.599997654072044
CHEMBL1982271,CN(C)CC(=O)NC1CCC(Nc2nc(Cl)cc(-c3c[nH]c4ncccc34)n2)CC1,,7.400007822415902
CHEMBL1995712,CN(C)CC(=O)NC1CCCC(Nc2nc(Cl)cc(-c3c[nH]c4ncccc34)n2)C1,,7.199970640755866
CHEMBL101311,CN(C)CC(O)COc1ccc(Nc2nccc(Nc3cc(Cl)ccc3Cl)n2)cc1,<,5.40000018605658
CHEMBL4753717,CN(C)CC/C=C/C(=O)Nc1ccc(C(=O)N2CCCC(C(=O)Nc3ncc(SCc4ncc(C(C)(C)C)o4)s3)C2)cc1,,7.0835460514500745
CHEMBL360847,CN(C)CC1CCn2cc(c3ccccc32)C2=C(C(=O)NC2=O)c2cn(c3ccccc23)CCO1,,5.59999938302362
CHEMBL4303279,CN(C)CCCC(=O)Nc1ccc(C(=O)Nc2cccc(Nc3ncc(Cl)c(-c4c[nH]c5ccccc45)n3)c2)cc1,,6.7121982700697735
CHEMBL1964948,CN(C)CCCN(C)C(=O)c1cccc(-n2nc(C(C)(C)C)cc2NC(=O)Nc2cccc3ccccc23)c1,<,5.40000018605658
CHEMBL3623375,CN(C)CCCNC(=O)c1csc2nc(-c3ccc(NC(=O)Nc4cc(C(C)(C)C)on4)cc3)cn12,<,5.0
CHEMBL91829,CN(C)C[C@@H]1CCn2cc(c3ccccc32)C2=C(C(=O)NC2=O)c2cn(c3ccccc23)CCO1,,4.9650766072531844
CHEMBL2003229,CN(C)c1cc(-c2ccncc2)cc2[nH]nc(N)c12,,6.699991797446187
CHEMBL1980167,CN(C)c1ccc(-c2cc(-c3ccc([N+](=O)[O-])cc3)nc(NS(=O)(=O)c3ccc(N)cc3)n2)cc1,,5.499999678657065
CHEMBL1992363,CN(C)c1ccc(C(=O)Nc2n[nH]c3ccc(-c4cn(Cc5ccccc5)nn4)cc23)cc1,,7.0
CHEMBL1998253,CN(C)c1ccc(N)c2ccccc12,<,5.40000018605658
CHEMBL1985469,CN(C)c1ccc(NC(=O)CC2Nc3ccccc3NC2=O)cc1,<,5.40000018605658
CHEMBL1984236,CN(C)c1ccc(Nc2cc(-c3csc(Br)c3)[nH]n2)cc1,<,5.40000018605658
CHEMBL4860979,CN(C1CC1)S(=O)(=O)c1ccc(-c2cnc(N)c(-c3ccc4c(c3)CCNC4=O)c2)c(F)c1,,4.910094888560602
CHEMBL1979773,CN(CCN)C(=O)c1cccc(-n2nc(C(C)(C)C)cc2NC(=O)Nc2cccc3ccccc23)c1,<,5.40000018605658
CHEMBL1822792,CN(C[C@@H]1COCCO1)S(=O)(=O)Nc1ccc2ccc3ncc(-c4cnn(C)c4)cc3c(=O)c2c1,<,4.522878745280337
CHEMBL1982413,CN(Cc1cc(Cl)c(O)c2ncccc12)C1CCCCC1,,5.700000503883016
CHEMBL1084546,CN(c1ncccc1CNc1nc(Nc2ccc3c(c2)CC(=O)N3)ncc1C(F)(F)F)S(C)(=O)=O,,6.7874506351983515
CHEMBL4549667,CN1C(=O)[C@@H](N2CCc3c(nn(Cc4ccccc4)c3Br)C2=O)COc2ccccc21,,6.0
CHEMBL4097778,CN1C(=O)[C@@H](N2CCc3cn(CC4CCS(=O)(=O)CC4)nc3C2=O)COc2ccccc21,,6.0
CHEMBL4088216,CN1C(=O)[C@@H](N2CCc3cn(Cc4ccccc4)nc3C2=O)COc2ccccc21,,6.0
CHEMBL1944698,CN1C/C=C/CCOc2cccc(c2)-c2ccnc(n2)Nc2cccc(c2)C1,,6.878468567597597
CHEMBL1952329,CN1CCC(CNc2ccc3ncc(-c4cccc(OC(F)(F)F)c4)n3n2)CC1,<,4.522878745280337
CHEMBL3402762,CN1CCC(COc2cnc(-c3cccc(Cn4nc(-c5cccc(C#N)c5)ccc4=O)c3)nc2)CC1,<,4.522878745280337
CHEMBL422897,CN1CCC(c2c(O)cc(O)c3c(=O)cc(-c4ccccc4Cl)oc23)C(O)C1,,7.0
CHEMBL3039525,CN1CCN(C2CCN(C(=O)Nc3cc(Oc4ccc(NC(=O)C5(C(=O)Nc6ccc(F)cc6)CC5)c(F)c4)ccn3)CC2)CC1,<,4.522878745280337
CHEMBL217092,CN1CCN(CCOc2cc(OC3CCOCC3)c3c(Nc4c(Cl)ccc5c4OCO5)ncnc3c2)CC1,<,4.522878745280337
CHEMBL1164180,CN1CCN(c2ccc(-c3cnc4c(c3)N(Cc3cc(Cl)ccc3C(F)(F)F)CCN4)cn2)CC1,<,5.40000018605658
CHEMBL1983268,CN1CCN(c2ccc(C(=O)Nc3n[nH]c4ccc(Cc5cc(F)cc(F)c5)cc34)c(NC3CCOCC3)c2)CC1,,5.154823110247594
CHEMBL1989043,CN1CCN(c2ccc(Nc3nc(N)c(C(=O)c4c(Cl)cccc4Cl)s3)cc2)CC1,,6.399996913372259
CHEMBL1979690,CN1CCN(c2ccc(Nc3ncc(Cl)c(Nc4ccc5[nH]ncc5c4)n3)cc2)CC1,,7.100015437450609
CHEMBL214329,CN1CCN(c2ccc(Nc3ncc4ccn(C5CCCCC5)c4n3)cc2)CC1,,5.823908740944319
CHEMBL522892,CN1CCN(c2ccc3nc(-c4c(N)c5c(F)cccc5[nH]c4=O)[nH]c3c2)CC1,,5.585026652029182
CHEMBL565612,CN1CCN(c2nc(C3=C(c4c[nH]c5ccccc45)C(=O)NC3=O)c3ccccc3n2)CC1,<,4.522878745280337
CHEMBL3991935,CN1CC[C@@H](c2c(O)cc(O)c3c(=O)cc(-c4ccccc4Cl)oc23)[C@@H]1CO,<,4.522878745280337
CHEMBL428690,CN1CC[C@H](c2c(O)cc(O)c3c(=O)cc(-c4ccccc4Cl)oc23)[C@H](O)C1,,7.647030328561317
CHEMBL462018,CN1N=C(N)c2cn([C@@H]3O[C@H](COP(=O)(O)O)[C@@H](O)[C@H]3O)c3ncnc1c23,<,4.522878745280337
CHEMBL1991734,CN1c2ccc(N)cc2C(c2ccccc2)c2cc(N)ccc21,,6.0
CHEMBL2408045,CNC(=O)CN1CCC(Oc2cc3c(Nc4cccc(Cl)c4F)ncnc3cc2OC)CC1,<,4.522878745280337
CHEMBL2005509,CNC(=O)NC1CCC(Nc2nc(Cl)cc(-c3c[nH]c4ncccc34)n2)CC1,,7.0
CHEMBL464552,CNC(=O)c1c(F)cccc1Nc1nc(Nc2cc3c(cc2OC)CCN3C(=O)CN(C)C)nc2[nH]ccc12,<,5.0
CHEMBL2079588,CNC(=O)c1cc(COc2nnc(Nc3ccc(Cl)cc3)c3ccoc23)ccn1,<,4.522878745280337
CHEMBL1738757,CNC(=O)c1cc(Oc2ccc(NC(=O)Nc3cc(C(C)(C)C)nn3-c3ccc4ncccc4c3)c(F)c2)ccn1,<,4.522878745280337
CHEMBL1946170,CNC(=O)c1cc(Oc2ccc(NC(=O)Nc3ccc(Cl)c(C(F)(F)F)c3)c(F)c2)ccn1,<,4.522878745280337
CHEMBL1336,CNC(=O)c1cc(Oc2ccc(NC(=O)Nc3ccc(Cl)c(C(F)(F)F)c3)cc2)ccn1,,6.853871964321762
CHEMBL3188267,CNC(=O)c1ccc(-c2cnc3ncc(Cc4ccc5ncccc5c4)n3n2)cc1F,<,4.522878745280337
CHEMBL1088751,CNC(=O)c1ccc(C)c(-n2c(C)cc(OCc3ccc(F)cc3F)c(Br)c2=O)c1,<,4.522878745280337
CHEMBL3137331,CNC(=O)c1ccc(Nc2ncc(C(F)(F)F)c(NCc3nccnc3N(C)S(C)(=O)=O)n2)cc1,,5.758453519403451
CHEMBL375981,CNC(=O)c1ccc2c(-c3cc4cc(CN5CCOCC5)ccc4[nH]3)n[nH]c2c1,,5.309803919971486
CHEMBL2336325,CNC(=O)c1cccc(-c2ccc3c(N4CCOC[C@@H]4C)nc(N4CCOC[C@@H]4C)nc3n2)c1,<,4.522878745280337
CHEMBL2220486,CNC(=O)c1cccc2cc(Oc3ccnc4cc(OCC5(N)CC5)c(OC)cc34)ccc12,<,4.522878745280337
CHEMBL458997,CNC(=O)c1ccccc1Nc1nc(Nc2ccc(N3CCOCC3)cc2OC)ncc1Cl,,6.399996913372259
CHEMBL1289926,CNC(=O)c1ccccc1Sc1ccc2c(/C=C/c3ccccn3)n[nH]c2c1,<,4.522878745280337
CHEMBL1988437,CNC(=O)c1ccccc1Sc1ccc2c(C=Cc3ccccn3)n[nH]c2c1,<,5.40000018605658
CHEMBL5278281,CNC(=O)c1cncc(-c2ccc3[nH]nc(NC(=O)c4ccccc4)c3c2)c1,,5.422278475490979
CHEMBL2013159,CNC(=O)c1cncc(-c2cnc(Nc3cc(N4CCOCC4)ccn3)s2)c1,<,5.0
CHEMBL564829,CNC(=O)c1nn(C)c2c1C(C)(C)Cc1cnc(Nc3ccc(N4CCN(C)CC4)cc3)nc1-2,,6.54515513999149
CHEMBL1980995,CNC1CC2OC(C)(C1OC)n1c3ccccc3c3c4c(c5c6ccccc6n2c5c31)C(=O)NC4,,7.199970640755866
CHEMBL1964441,CNCC#Cc1cnc(N)c2c(-c3ccc(NC(=O)Nc4cccc(C)c4)cc3)csc12,<,5.40000018605658
CHEMBL1996980,CNCC(=O)NC1CCC(Nc2nc(Cl)cc(-c3c[nH]c4ncccc34)n2)CC1,,7.400007822415902
CHEMBL3264002,CNS(=O)(=O)Nc1nccc(Cc2c(C)c3ccc(Oc4ncccn4)cc3oc2=O)c1F,<,4.522878745280337
CHEMBL1993661,CNS(=O)(=O)c1ccccc1Nc1nc(Nc2cc(OC)c(OC)c(OC)c2)ncc1Cl,,7.50003813440381
CHEMBL388978,CN[C@@H]1C[C@H]2O[C@@](C)([C@@H]1OC)n1c3ccccc3c3c4c(c5c6ccccc6n2c5c31)C(=O)NC4,,7.346787486224656
CHEMBL574737,CN[C@@H]1C[C@H]2O[C@@](C)([C@@H]1OC)n1c3ccccc3c3c4c(c5c6ccccc6n2c5c31)C(=O)N[C@H]4O,<,4.522878745280337
CHEMBL1083150,CNc1ccc(Nc2nccc(-c3sc(C)nc3C)n2)cc1,,5.372634143407267
CHEMBL1083152,CNc1nc(C)c(-c2ccnc(Nc3cc(OC)c(OC)c(OC)c3)n2)s1,,6.431798275933005
CHEMBL1083785,CNc1nc(C)c(-c2ccnc(Nc3ccc(N4CCN(C(C)=O)CC4)cc3)n2)s1,,5.966576244513051
CHEMBL1999484,CNc1nc(C)c(-c2ccnc(Nc3ccc(N4CCNCC4)cc3)n2)s1,,6.499996931948306
CHEMBL1084629,CNc1nc(C)c(-c2ccnc(Nc3ccc(N4CCOCC4)cc3)n2)s1,<,5.0
CHEMBL4582624,COC(=O)N1CCN([C@H]2CC[C@H](Nc3nc(Nc4cnn(C)c4)nc4ccc(CC#N)nc34)CC2)CC1,,4.769551078621726
CHEMBL4455718,COC(=O)N1CCN([C@H]2CC[C@H](Nc3ncnc4ccc(C#N)cc34)CC2)CC1,,5.508638306165727
CHEMBL3301612,COC(=O)N[C@@H](C)CNc1nccc(-c2cn(C(C)C)nc2-c2cc(Cl)cc(NS(C)(=O)=O)c2F)n1,<,4.522878745280337
CHEMBL281948,COC(=O)[C@@]1(O)C[C@H]2O[C@]1(C)n1c3ccccc3c3c4c(c5c6ccccc6n2c5c31)C(=O)NC4,<,4.522878745280337
CHEMBL2152382,COC(=O)c1c(Cc2ccc(C(=O)NCCO)cc2)c(=O)c2ccc(Cl)cc2n1-c1ccccc1,<,5.0
CHEMBL1981492,COC(=O)c1c(N)nc2ccccn12,,4.200000030616179
CHEMBL221633,COC(=O)c1ccc2c(-c3cc4cc(CN5CCOCC5)ccc4[nH]3)n[nH]c2c1,,5.187086643357144
CHEMBL502835,COC(=O)c1ccc2c(c1)NC(=O)/C2=C(\Nc1ccc(N(C)C(=O)CN2CCN(C)CC2)cc1)c1ccccc1,,5.480404337669729
CHEMBL1981047,COC(C(=O)N1Cc2[nH]nc(NC(=O)c3ccc(N4CCN(C)CC4)cc3)c2C1)c1ccccc1,,8.0
CHEMBL1985206,COCC#Cc1cccc2c1Cc1c(-c3cccs3)n[nH]c1-2,<,5.40000018605658
CHEMBL483321,COCC(=O)NC/C=C/c1ccc2ncnc(Nc3ccc(Oc4ccc(C)nc4)c(C)c3)c2c1,<,4.522878745280337
CHEMBL2002660,COCCN(C)C(=O)c1cccc(-n2nc(C(C)(C)C)cc2NC(=O)Nc2cccc3ccccc23)c1,<,5.40000018605658
CHEMBL2003856,COCCN(CCOC)c1nc(OC)cc(-c2c[nH]c3ncccc23)n1,<,5.59999938302362
CHEMBL3545083,COCCN1CCN(Cc2ccc(-c3n[nH]c4c3C(=O)c3c(NC(=O)NN5CCOCC5)cccc3-4)cc2)CC1,,6.812479279163537
CHEMBL3989914,COCCNCc1ccc(-c2cc3nccc(Oc4ccc(NC(=S)NC(=O)Cc5ccc(F)cc5)cc4F)c3s2)nc1,<,4.522878745280337
CHEMBL1964340,COCCNc1cc(-c2c[nH]c3ncccc23)cc(Cl)n1,,6.799998134593398
CHEMBL2004025,COCOc1cccc(OCOC)c1-c1ccc(NS(C)(=O)=O)cc1C(=O)OC,,5.800000874803203
CHEMBL3656841,COC[C@@H](C)N[C@H]1CC[C@H](Nc2cc(-c3cccc(NCC4(C#N)CCOCC4)n3)c(Cl)cn2)CC1,<,5.0
CHEMBL4786559,COC[C@H](C)N[C@H]1CC[C@H](Nc2cc(-c3cccc(NCC4(C#N)CCOCC4)n3)c(Cl)cn2)CC1,<,6.0
CHEMBL3991934,COCc1c(-c2ccc(NC(=O)Nc3cc(C(F)(F)F)ccc3F)c(F)c2)c2c(N)ncnn2c1CN1CCOCC1,<,4.522878745280337
CHEMBL402548,CO[C@@H](C(=O)N1Cc2[nH]nc(NC(=O)c3ccc(N4CCN(C)CC4)cc3)c2C1)c1ccccc1,,6.966576244513051
CHEMBL608533,CO[C@@H]1[C@H](N(C)C(=O)c2ccccc2)C[C@H]2O[C@]1(C)n1c3ccccc3c3c4c(c5c6ccccc6n2c5c31)C(=O)NC4,<,4.522878745280337
CHEMBL1240703,CO[C@@H]1[C@H](N(C)C(=O)c2ccccc2)C[C@H]2O[C@]1(C)n1c3ccccc3c3c4c(c5c6ccccc6n2c5c31)C(=O)N[C@H]4O,<,5.0
CHEMBL4632793,CO[C@H]1CN[C@H](CNc2cc(NCc3ccccc3)n3ncc(C(C)C)c3n2)C1,<,6.0
CHEMBL413,CO[C@H]1C[C@@H]2CC[C@@H](C)[C@@](O)(O2)C(=O)C(=O)N2CCCC[C@H]2C(=O)O[C@H]([C@H](C)C[C@@H]2CC[C@@H](O)[C@H](OC)C2)CC(=O)[C@H](C)/C=C(\C)[C@@H](O)[C@@H](OC)C(=O)[C@H](C)C[C@H](C)/C=C/C=C/C=C/1C,<,4.522878745280337
CHEMBL1201182,CO[C@H]1C[C@@H]2CC[C@@H](C)[C@@](O)(O2)C(=O)C(=O)N2CCCC[C@H]2C(=O)O[C@H]([C@H](C)C[C@@H]2CC[C@@H](OC(=O)C(C)(CO)CO)[C@H](OC)C2)CC(=O)[C@H](C)/C=C(\C)[C@@H](O)[C@@H](OC)C(=O)[C@H](C)C[C@H](C)/C=C/C=C/C=C/1C,<,4.522878745280337
CHEMBL1908360,CO[C@H]1C[C@@H]2CC[C@@H](C)[C@@](O)(O2)C(=O)C(=O)N2CCCC[C@H]2C(=O)O[C@H]([C@H](C)C[C@@H]2CC[C@@H](OCCO)[C@H](OC)C2)CC(=O)[C@H](C)/C=C(\C)[C@@H](O)[C@@H](OC)C(=O)[C@H](C)C[C@H](C)/C=C/C=C/C=C/1C,<,4.522878745280337
CHEMBL2103839,CO[C@H]1C[C@@H]2CC[C@@H](C)[C@@](O)(O2)C(=O)C(=O)N2CCCC[C@H]2C(=O)O[C@H]([C@H](C)C[C@@H]2CC[C@@H](OP(C)(C)=O)[C@H](OC)C2)CC(=O)[C@H](C)/C=C(\C)[C@@H](O)[C@@H](OC)C(=O)[C@H](C)C[C@H](C)/C=C/C=C/C=C/1C,<,4.522878745280337
CHEMBL1972355,COc1c(-c2nc3ccccc3[nH]2)c(O)cc2oc(C)cc(=O)c12,,6.299997602857746
CHEMBL608154,COc1c(Cl)cc2c([nH]c3cnccc32)c1NC(=O)c1cccnc1C,<,5.0
CHEMBL3218576,COc1c(OCCCN2CCOCC2)ccc2c1N=C(NC(=O)c1cnc(N)nc1)N1CCN=C21,<,4.522878745280337
CHEMBL374424,COc1cc(-c2ccc3c(-c4cc5cc(CN6CCCCC6)ccc5[nH]4)n[nH]c3c2)ccc1O,,6.508638306165727
CHEMBL1984038,COc1cc(-c2ccc3c(c2)NC(=O)c2ccc(-c4ccccc4NS(C)(=O)=O)cc2N3)cc(OC)c1OC,<,5.40000018605658
CHEMBL550418,COc1cc(-c2ccc3c(c2)Nc2c(O)cccc2NC3=O)ccc1O,<,5.40000018605658
CHEMBL1996702,COc1cc(-c2ccc3c(c2)Nc2ccc(C(=O)NCCCN(C)C)cc2NC3=O)ccc1O,<,5.40000018605658
CHEMBL1975500,COc1cc(-c2ccc3c(c2)Nc2ccc(C(=O)NCCNC(C)=O)cc2NC3=O)ccc1O,<,5.800000874803203
CHEMBL2000832,COc1cc(-c2ccc3c(c2)Nc2ccc(C(=O)NCc4cccc(F)c4)cc2NC3=O)ccc1O,<,5.800000874803203
CHEMBL1995740,COc1cc(-c2ccc3c(c2)Nc2ccc([N+](=O)[O-])cc2NC3=O)ccc1O,<,5.200000237109354
CHEMBL1989267,COc1cc(-c2csc3c(C=CC(=O)NCCN(C)C)cnc(N)c23)ccc1NC(=O)c1cc2ccccc2n1C,,5.499999678657065
CHEMBL5170524,COc1cc(C(=O)N2CCCC2)ccc1-c1ccnc2[nH]c(C3CCNCC3)cc12,,5.68837535480105
CHEMBL3184679,COc1cc(CCc2cc(NC(=O)c3ccc(N4CC(C)NC(C)C4)cc3)n[nH]2)cc(OC)c1,<,4.522878745280337
CHEMBL1236682,COc1cc(F)c(F)c(Nc2ccc(I)cc2F)c1NS(=O)(=O)C1(C[C@H](O)CO)CC1,<,4.522878745280337
CHEMBL4755256,COc1cc(F)ccc1-c1cc(NC(=O)[C@H]2CCC[C@@H](NC(C)=O)C2)ncc1Cl,<,5.301029995663981
CHEMBL3673435,COc1cc(F)ccc1-c1ccnc(NC(=O)C2CCC(NC(C)=O)C2)c1,<,5.301029995663981
CHEMBL3673434,COc1cc(F)ccc1-c1ccnc(NC(=O)[C@H]2CCC[C@@H](NC(C)=O)C2)c1,<,5.301029995663981
CHEMBL3663760,COc1cc(F)ccc1-c1ccnc2[nH]c(C3CCNCC3)cc12,,5.209937627387412
CHEMBL5189523,COc1cc(F)ccc1-c1cnc2sc(N3CCC(C)(N)CC3)nn12,,4.920818753952375
CHEMBL509032,COc1cc(N2CCC(N3CCN(C)CC3)CC2)ccc1Nc1ncc(Cl)c(Nc2ccccc2S(=O)(=O)C(C)C)n1,,6.91063091824889
CHEMBL3545360,COc1cc(N2CCC(N3CCN(C)CC3)CC2)ccc1Nc1ncnc(Nc2ccccc2S(=O)(=O)C(C)C)n1,<,4.522878745280337
CHEMBL1973961,COc1cc(N2CCN(C)CC2)ccc1C(=O)Nc1n[nH]c2ccc(Cc3cc(F)cc(F)c3)cc12,<,5.40000018605658
CHEMBL4867931,COc1cc(NS(=O)(=O)C2CC2)ccc1-c1cnc(N)c(-c2ccc3c(c2)CCNC3=O)c1,,4.712198270069774
CHEMBL288441,COc1cc(Nc2c(C#N)cnc3cc(OCCCN4CCN(C)CC4)c(OC)cc23)c(Cl)cc1Cl,,5.165840857890025
CHEMBL2103830,COc1cc(Nc2ncc(F)c(Nc3ccc4c(n3)N(COP(=O)(O)O)C(=O)C(C)(C)O4)n2)cc(OC)c1OC,<,4.522878745280337
CHEMBL475251,COc1cc(Nc2ncc(F)c(Nc3ccc4c(n3)NC(=O)C(C)(C)O4)n2)cc(OC)c1OC,,5.042125669877364
CHEMBL483158,COc1cc(Nc2ncc3c(n2)-c2ccc(Cl)cc2C(c2c(F)cccc2OC)=NC3)ccc1C(=O)O,<,4.522878745280337
CHEMBL1083151,COc1cc(Nc2nccc(-c3sc(C)nc3C)n2)cc(OC)c1OC,,6.614393726401688
CHEMBL1992125,COc1cc(Nc2ncnc(N3CCCc4cc(C)ccc43)n2)cc(OC)c1OC,,5.700000503883016
CHEMBL1241855,COc1cc(OC)c(/C=C/S(=O)(=O)Cc2ccc(OC)c(NCC(=O)O)c2)c(OC)c1,<,4.522878745280337
CHEMBL2002613,COc1cc(OC)cc(C(=O)Nc2n[nH]c3ccc(-c4cn(Cc5ccccc5)nn4)cc23)c1,,6.399996913372259
CHEMBL1908396,COc1cc(Oc2ccnc3cc(OC)c(OC)cc23)ccc1NC(=O)NC(C)c1nccs1,<,5.0
CHEMBL283120,COc1cc([C@@H]2c3cc4c(cc3[C@H](O)[C@H]3COC(=O)[C@@H]23)OCO4)cc(OC)c1OC,<,4.522878745280337
CHEMBL24828,COc1cc2/c(=N/c3ccc(Br)cc3F)nc[nH]c2cc1OCC1CCN(C)CC1,,4.795270942737571
CHEMBL124660,COc1cc2c(N3CCN(C(=O)Nc4ccc(OC(C)C)cc4)CC3)ncnc2cc1OCCCN1CCCCC1,,4.7915426970699
CHEMBL3544983,COc1cc2c(Nc3ccc(Cl)c(Cl)c3F)ncnc2cc1OC[C@@H]1C[C@@H]2CN(C)C[C@@H]2C1,<,4.522878745280337
CHEMBL202721,COc1cc2c(Nc3ccc(NC(=O)c4ccccc4)cc3)ncnc2cc1OCCCN1CCOCC1,<,5.40000018605658
CHEMBL491473,COc1cc2c(Oc3ccc4[nH]c(C)cc4c3F)ncnc2cc1OCCCN1CCCC1,<,4.522878745280337
CHEMBL1980391,COc1cc2c(cc1F)C(c1ccccc1Cl)=Nc1c(n[nH]c1C)N2,,6.199998172182031
CHEMBL461876,COc1cc2c(cc1Nc1nc(Nc3cccc(F)c3C(N)=O)c3cc[nH]c3n1)N(C(=O)CN(C)C)CC2,,5.59999938302362
CHEMBL2105717,COc1cc2nccc(Oc3ccc(NC(=O)C4(C(=O)Nc5ccc(F)cc5)CC4)cc3)c2cc1OC,<,4.522878745280337
CHEMBL1289601,COc1cc2nccc(Oc3ccc(NC(=O)NC4CC4)c(Cl)c3)c2cc1C(N)=O,<,4.522878745280337
CHEMBL1289494,COc1cc2nccc(Oc3ccc(NC(=O)Nc4cc(C)on4)c(Cl)c3)c2cc1OC,<,4.522878745280337
CHEMBL2110732,COc1cc2ncnc(Nc3ccc(F)c(Cl)c3)c2cc1NC(=O)/C=C/CN1CCCCC1,<,4.522878745280337
CHEMBL939,COc1cc2ncnc(Nc3ccc(F)c(Cl)c3)c2cc1OCCCN1CCOCC1,,5.076309956772169
CHEMBL405130,COc1cc2ncnc(Nc3ccc(O)cc3)c2cc1OC,<,4.522878745280337
CHEMBL2029988,COc1cc2ncnc(Oc3cccc(NC(=O)Nc4cc(C(C)(C)C(F)(F)F)on4)c3)c2cc1OC,<,4.522878745280337
CHEMBL3109738,COc1cc2ncnc3c2cc1OCCCCCN(C)Cc1ccc(Br)cc1N3,<,4.522878745280337
CHEMBL1234354,COc1ccc(-c2cc3c(C)nc(N)nc3n([C@H]3CC[C@H](OCCO)CC3)c2=O)cn1,<,4.522878745280337
CHEMBL1801204,COc1ccc(-c2ccc3c(N4CCOC[C@@H]4C)nc(N4CCOC[C@@H]4C)nc3n2)cc1CO,<,4.522878745280337
CHEMBL3218578,COc1ccc(-c2ccc3ncc4c(c3c2)n(-c2ccc(N3CCNCC3)c(C(F)(F)F)c2)c(=O)n4C)cn1,<,4.522878745280337
CHEMBL3612504,COc1ccc(-c2ccn3ncc(/C=N/N(C)S(=O)(=O)c4cc([N+](=O)[O-])ccc4C)c3n2)cc1OC,<,5.0
CHEMBL3612506,COc1ccc(-c2ccn3ncc(/C=N/N(C)S(=O)(=O)c4cc([N+](=O)[O-])ccc4C)c3n2)cn1,<,5.0
CHEMBL1991078,COc1ccc(C(=O)Nc2n[nH]c3ccc(-c4cn(Cc5ccccc5)nn4)cc23)cc1OC,,6.900008766455316
CHEMBL1997335,COc1ccc(C2=NNc3cccc4c(OC)ccc2c34)cc1OC,<,5.40000018605658
CHEMBL2000354,COc1ccc(C=C2SC(=Nc3ccccc3)NC2=O)cc1O,<,5.800000874803203
CHEMBL1986855,COc1ccc(CNc2cc(-c3c[nH]c4ncccc34)cc(F)n2)cc1,,6.799998134593398
CHEMBL261849,COc1ccc(COc2ccc(Cc3cnc(N)nc3N)cc2OC)cc1,<,5.0
CHEMBL384304,COc1ccc(F)c(F)c1C(=O)c1cnc(NC2CCN(S(C)(=O)=O)CC2)nc1N,,6.549308986458923
CHEMBL4777981,COc1ccc(F)cc1-c1c(F)cnc2[nH]c(C3=CCN([C@H]4CC[C@H](C(=O)O)CC4)CC3)cc12,,4.84163743623851
CHEMBL3668457,COc1ccc(F)cc1-c1ccnc2[nH]c(C3=CCN(CC(O)CO)CC3)cc12,<,4.698970004336019
CHEMBL1094408,COc1ccc(N2CCN(C)CC2)cc1Nc1ncc2c(n1)-c1c(c(C(N)=O)nn1C)CC2,<,4.522878745280337
CHEMBL2004290,COc1ccc(NC(=O)Nc2ccc(-c3csc4c(-c5cnn(CC(C)(C)O)c5)cnc(N)c34)cc2)cc1,<,5.40000018605658
CHEMBL1965170,COc1ccc(NC(=O)Nc2ccc(-c3csc4c(-c5cnn(CC(O)CO)c5)cnc(N)c34)cc2)cc1,<,5.40000018605658
CHEMBL2426383,COc1ccc(NC(=S)NC(=O)c2cn(-c3ccccc3)nc2-c2ccc(C)cc2)cc1,,5.747632485540101
CHEMBL2426387,COc1ccc(NC(=S)NC(=O)c2cn(-c3ccccc3)nc2-c2ccc(Cl)cc2)cc1,,5.783834097714007
CHEMBL2426391,COc1ccc(NC(=S)NC(=O)c2cn(-c3ccccc3)nc2-c2ccc(F)cc2)cc1,,5.784626847216578
CHEMBL2426395,COc1ccc(NC(=S)NC(=O)c2cn(-c3ccccc3)nc2-c2ccc(OC)cc2)cc1,,5.846795099915716
CHEMBL2426399,COc1ccc(NC(=S)NC(=O)c2cn(-c3ccccc3)nc2-c2ccccc2)cc1,,5.726767165956955
CHEMBL3991927,COc1ccc(S(=O)(=O)N(C(C)=O)c2ccccc2/C=C/c2cc[n+]([O-])cc2)cc1,<,4.522878745280337
CHEMBL1997275,COc1ccc2[nH]cc(C=C3C(=O)Nc4ccccc43)c2c1,,6.0
CHEMBL1982660,COc1ccc2c(NC(=O)Nc3cccc(C(F)(F)F)n3)ccnc2c1,<,5.40000018605658
CHEMBL496102,COc1ccc2c(OCc3nnc4ccc(-c5ccccc5)nn34)ccnc2c1,<,4.522878745280337
CHEMBL2002649,COc1ccc2c(c1)C(=Cc1c[nH]cn1)C(=O)N2,,7.0
CHEMBL269538,COc1ccc2c(c1)[nH]c1c(C)nccc12,<,5.0
CHEMBL2005478,COc1ccc2c(c1)c(-c1cc3nc(Br)cnc3[nH]1)cn2C,,7.50003813440381
CHEMBL1233887,COc1ccc2c(c1)c(-c1cc3nccnc3[nH]1)cn2C,,5.800000874803203
CHEMBL1980435,COc1cccc(C(=O)Nc2n[nH]c3ccc(-c4cn(Cc5ccccc5)nn4)cc23)c1,,6.900008766455316
CHEMBL1975121,COc1cccc(C(C)NC(=O)c2ccc(-c3ccncc3)cc2)c1,<,5.40000018605658
CHEMBL1994724,COc1cccc(C(C)NC(=O)c2ccc(-c3ccncc3)s2)c1,<,5.40000018605658
CHEMBL2003514,COc1cccc(C(C)NC(=O)c2cnc(-c3ccncc3)nc2)c1,<,5.40000018605658
CHEMBL1978567,COc1cccc(C(C)NC(=O)c2sc(-c3ccncc3)nc2C)c1,<,5.40000018605658
CHEMBL2006299,COc1cccc(CNC(=O)c2ccc(-c3ccncc3)cc2)c1,<,5.40000018605658
CHEMBL2004159,COc1cccc(CNC(=O)c2cnc(-c3ccncc3)nc2)c1,<,5.40000018605658
CHEMBL117697,COc1cccc(Nc2ncnc3ccccc23)c1,,4.200000030616179
CHEMBL3545396,COc1cccc(Nc2ncnn3ccc(CN4CC[C@@H](N)[C@H](O)C4)c23)c1,<,4.522878745280337
CHEMBL1996646,COc1cccc(OC)c1CNc1nc(NC2CCCCC2)nc2ccc(Cl)cc12,,5.700000503883016
CHEMBL3612487,COc1cccc(S(=O)(=O)N(C)/N=C/c2cnn3ccc(Cl)nc23)c1,<,5.0
CHEMBL3120215,COc1cccc2cc(-c3nc([C@H]4CC[C@H](C(=O)O)CC4)n4ncnc(N)c34)[nH]c12,<,4.522878745280337
CHEMBL3263773,COc1ccccc1-c1cc(Nc2cccc(CS(N)(=O)=O)c2)ncn1,<,5.0
CHEMBL1975903,COc1ccccc1-c1ccnc(Nc2cccc(S(C)(=O)=O)c2)n1,<,5.40000018605658
CHEMBL1997197,COc1ccccc1CNC(=N)Nc1nccc(-c2cccs2)n1,<,5.40000018605658
CHEMBL5286971,COc1cncc(-c2ccc3[nH]nc(NC(=O)c4ccccc4)c3c2)c1,,5.257274868695302
CHEMBL1236962,COc1ncc(-c2ccc3nccc(-c4ccnnc4)c3c2)cc1NS(=O)(=O)c1ccc(F)cc1F,<,4.522878745280337
CHEMBL2005792,COc1nccn2c(-c3ccnc(NCC(C)(C)CO)n3)c(-c3ccc(F)cc3)nc12,<,5.40000018605658
CHEMBL2425628,CS(=O)(=O)CCCOc1cccc2c1ccn2-c1ccnc(N[C@H]2CC[C@H](C(=O)N3CCC(O)CC3)CC2)n1,,6.2076083105017466
CHEMBL554,CS(=O)(=O)CCNCc1ccc(-c2ccc3ncnc(Nc4ccc(OCc5cccc(F)c5)c(Cl)c4)c3c2)o1,<,4.522878745280337
CHEMBL1978448,CS(=O)(=O)N(Cc1ccc2[nH]c(=O)c3cccn3c2c1)C1CC1,<,5.40000018605658
CHEMBL521851,CS(=O)(=O)N1CCN(Cc2cc3nc(-c4cccc5[nH]ncc45)nc(N4CCOCC4)c3s2)CC1,,4.809032713938552
CHEMBL2013168,CS(=O)(=O)N1CCN(c2ccnc(Nc3ncc(-c4cncc(C(=O)NCC(F)(F)F)c4)s3)c2)CC1,,5.6777807052660805
CHEMBL2011352,CS(=O)(=O)N1CCN(c2ccnc(Nc3ncc(-c4cncc(C(=O)NCCN)c4)s3)c2)CC1,,6.769551078621726
CHEMBL2005216,CS(=O)(=O)NC1CCC(Nc2cc(Cl)nc(-c3c[nH]c4ncccc34)n2)CC1,<,5.40000018605658
CHEMBL1980562,CS(=O)(=O)NC1CCC(Nc2nc(Cl)cc(-c3c[nH]c4ncccc34)n2)CC1,,6.699991797446187
CHEMBL1987948,CS(=O)(=O)NC1CCCC(Nc2nc(Cl)cc(-c3c[nH]c4ncccc34)n2)C1,,7.100015437450609
CHEMBL2005718,CS(=O)(=O)NCCNc1cc(-c2c[nH]c3ncccc23)cc(Cl)n1,,6.900008766455316
CHEMBL1973016,CS(=O)(=O)c1cccc(C(=O)Nc2nc3ccccc3n2CCCO)c1,<,5.40000018605658
CHEMBL514554,CS(=O)(=O)c1cccc(CNc2nc(Nc3ccc4c(c3)CCC(=O)N4)ncc2C(F)(F)F)c1,,6.705533773838407
CHEMBL386051,CSc1cccc(Nc2ncc3cc(-c4c(Cl)cccc4Cl)c(=O)n(C)c3n2)c1,<,5.0
CHEMBL4294760,CSc1ncc2c(n1)CCc1cnc(Nc3ccc(C(=O)N(C)CCN(C)C)cc3)nc1-2,,5.443697499232712
CHEMBL571948,C[C@@H](N)c1ccc(C(=O)Nc2ccnc3[nH]ccc23)cc1,<,4.522878745280337
CHEMBL4538174,C[C@@H](NC(=O)Nc1cc2[nH]ncc2c(CO)n1)c1ccccc1,,6.638272163982407
CHEMBL3348923,C[C@@H](NC(=O)c1ncnc(N)c1Cl)c1ncc(C(=O)Nc2cc(C(F)(F)F)c(Cl)cn2)s1,<,4.522878745280337
CHEMBL3408248,C[C@@H](Nc1cc(F)cc(F)c1)c1cc(C(=O)N(C)C)cc2c(=O)cc(N3CCOCC3)oc12,<,4.522878745280337
CHEMBL5287128,C[C@@H](O)[C@@H](C)Nc1nc(Nc2ccc([S@](=N)(=O)C3CC3)cc2)ncc1C(F)(F)F,,7.6020599913279625
CHEMBL4442620,C[C@@H](O)[C@@H](C)Oc1nc(Nc2ccc(S(=N)(=O)C3CC3)cc2)ncc1C(F)(F)F,,7.951544993495972
CHEMBL601719,C[C@@H](Oc1cc(-c2cnn(C3CCNCC3)c2)cnc1N)c1c(Cl)ccc(F)c1Cl,<,4.522878745280337
CHEMBL1908394,C[C@@H](Oc1cc(-n2cnc3ccc(CN4CCN(C)CC4)cc32)sc1C(N)=O)c1ccccc1C(F)(F)F,,4.725662940342561
CHEMBL2376648,C[C@@H](Oc1cc(C(=O)Nc2ccc(C(=O)N3CCN(C)CC3)cc2)nnc1N)c1c(Cl)ccc(F)c1Cl,<,4.522878745280337
CHEMBL3334567,C[C@@H](c1ccc2nccn2c1)n1nnc2ncc(-c3cnn(C)c3)nc21,<,4.522878745280337
CHEMBL221959,C[C@@H]1CCN(C(=O)CC#N)C[C@@H]1N(C)c1ncnc2[nH]ccc12,<,4.522878745280337
CHEMBL514201,C[C@@H]1CN(Cc2ccc(F)cc2)[C@@H](C)CN1C(=O)c1cc2c(C(=O)C(=O)N(C)C)cn(C)c2cc1Cl,<,4.522878745280337
CHEMBL2103842,C[C@@H]1COC(Nc2ccc3ncnc(Nc4ccc(OCc5nccs5)c(Cl)c4)c3c2)=N1,<,4.522878745280337
CHEMBL575448,C[C@@]1(C(=O)Nc2ccc(F)nc2)CCCN1c1nc(Nc2cc(C3CC3)n[nH]2)c2cccn2n1,<,4.522878745280337
CHEMBL4787409,C[C@H](C(=O)Nc1cc(C2CC2)[nH]n1)c1ccc(C2=CCN(C(=O)/C=C/CN(C)C)CC2)cc1,,5.991965974965014
CHEMBL4741442,C[C@H](CO)Nc1nc(Nc2ccc(S(N)(=O)=O)cc2)ncc1Br,,7.070581074285707
CHEMBL3426621,C[C@H]1CNCCCN1S(=O)(=O)c1cccc2cncc(F)c12,<,4.522878745280337
CHEMBL5184492,C[C@H]1C[C@@H]2CN1CCn1[nH]c3c(cccc3c1=O)-c1nc3c(cccc3[nH]c1=O)O2,,3.1804560644581312
CHEMBL1091644,C[C@]1(O)C[C@@H](c2nc(-c3ccc4ccc(-c5ccccc5)nc4c3)c3c(N)nccn32)C1,<,4.522878745280337
CHEMBL603469,C[C@]12O[C@H](C[C@]1(O)CO)n1c3ccccc3c3c4c(c5c6ccccc6n2c5c31)CNC4=O,,7.060480747381382
CHEMBL10,C[S+]([O-])c1ccc(-c2nc(-c3ccc(F)cc3)c(-c3ccncc3)[nH]2)cc1,<,5.0
CHEMBL1721885,Cc1[nH]c(/C=C2\C(=O)Nc3ccc(F)cc32)c(C)c1C(=O)NC[C@H](O)CN1CCOCC1,,6.031517051446065
CHEMBL450786,Cc1[nH]c(/C=C2\C(=O)Nc3ccc(S(=O)(=O)Cc4c(Cl)cccc4Cl)cc32)c(C)c1C(=O)N1CCC[C@@H]1CN1CCCC1,,6.886056647693163
CHEMBL274654,Cc1[nH]c(/C=C2\C(=O)Nc3ccccc32)c(C)c1CCC(=O)O,<,4.522878745280337
CHEMBL3932121,Cc1c(-c2ccnc(Nc3ccc(N4CCNCC4)cc3)n2)sc(=O)n1C,,8.638272163982407
CHEMBL1922094,Cc1c(CN2CCN(C(=O)[C@H](C)O)CC2)sc2c(N3CCOCC3)nc(-c3cnc(N)nc3)nc12,<,4.522878745280337
CHEMBL3188551,Cc1c(Cn2c(C)nc3c(C(=O)O)cc(N4CCOCC4)cc32)cccc1C(F)(F)F,<,4.522878745280337
CHEMBL1088752,Cc1c(F)cc(C(=O)NC2CC2)cc1-c1ccc(C(=O)NCC(C)(C)C)cn1,<,4.522878745280337
CHEMBL1645462,Cc1c(NC(=O)OC[C@@H]2COCCN2)cn2ncnc(Nc3ccc4c(cnn4Cc4cccc(F)c4)c3)c12,<,4.522878745280337
CHEMBL1973138,Cc1c(NC(=O)c2ccc(C(C)(C)C)cc2)cccc1-c1cc(Nc2ccc(C(=O)N3CCOCC3)cn2)c(=O)n(C)c1,<,5.40000018605658
CHEMBL1971943,Cc1c[nH]c2nccc(Oc3c(F)cc(Nc4cc(Cl)nc(N)n4)cc3F)c12,<,5.40000018605658
CHEMBL400402,Cc1cc(-c2cc(O)ccc2Cl)cc2nnc(Nc3ccc(OCCN4CCCC4)cc3)nc12,<,4.522878745280337
CHEMBL403989,Cc1cc(-c2cc(OC(=O)c3ccccc3)ccc2Cl)cc2nnc(Nc3ccc(OCCN4CCCC4)cc3)nc12,<,4.522878745280337
CHEMBL427045,Cc1cc(-c2cnc(Nc3ccccn3)s2)nc(OC2CCCCC2)n1,<,5.0
CHEMBL210540,Cc1cc(-c2cnc(Nc3cnc(CN4CCN(C)CC4)cn3)s2)nc(OC2CCCCC2)n1,,6.275724130399211
CHEMBL1997041,Cc1cc(-c2ncnc3[nH]ccc23)ccc1F,,5.200000237109354
CHEMBL1997892,Cc1cc(=O)[nH]nc1-c1ccc(NC(=O)Nc2cc(C(F)(F)F)ccc2F)c(Cl)c1,<,5.40000018605658
CHEMBL1965033,Cc1cc(=O)[nH]nc1-c1ccc(NC(=O)Nc2cc(C(F)(F)F)ccc2F)cc1,<,5.40000018605658
CHEMBL1988581,Cc1cc(=O)n2ccc(CN(C)C)c(O)c2n1,,6.699991797446187
CHEMBL3182621,Cc1cc(C(=O)NOCCO)c(Nc2ccc(I)cc2F)n(C)c1=O,<,4.522878745280337
CHEMBL2180604,Cc1cc(C(=O)Nc2cc(Oc3ccc4nc(NC(=O)C5CC5)cn4n3)ccc2C)n(C)n1,<,4.522878745280337
CHEMBL4579344,Cc1cc(C)c(CNc2nc(N[C@@H](C)[C@@H](C)O)nc3c2ncn3C(C)C)cn1,,6.714442690992226
CHEMBL482968,Cc1cc(Nc2cc(N3CCN(C)CC3)nc(/C=C/c3ccccc3)n2)n[nH]1,<,4.522878745280337
CHEMBL1983923,Cc1cc(Nc2cc(N3CCN(C)CC3)nc(C=Cc3ccccc3)n2)n[nH]1,,7.299988937677887
CHEMBL572878,Cc1cc(Nc2cc(N3CCN(C)CC3)nc(Sc3ccc(NC(=O)C4CC4)cc3)n2)n[nH]1,<,4.522878745280337
CHEMBL2005449,Cc1cc(Nc2nc(Cl)cc(NCc3ccccc3)n2)n[nH]1,,5.59999938302362
CHEMBL1231124,Cc1cc(Nc2nc(N[C@@H](C)c3ncc(F)cn3)ncc2Cl)[nH]n1,<,4.522878745280337
CHEMBL2403108,Cc1cc(Nc2ncc(Cl)c(Nc3ccccc3S(=O)(=O)C(C)C)n2)c(OC(C)C)cc1C1CCNCC1,<,4.522878745280337
CHEMBL1967878,Cc1cc(Nc2ncc(F)c(NC3C4C=CC(C4)C3C(N)=O)n2)ccc1N1CCN(C)CC1,,6.599997654072044
CHEMBL3989868,Cc1cc(Nc2ncnc3ccc(NC4=NC(C)(C)CO4)cc23)ccc1Oc1ccn2ncnc2c1,<,4.522878745280337
CHEMBL1990223,Cc1cc(OCc2ccc(Cl)c(Cl)c2)ccc1CN1CC(C(=O)O)C1,<,5.40000018605658
CHEMBL1966501,Cc1cc(OCc2cccc(C(F)(F)F)c2)ccc1CN1CC(C(=O)O)C1,,5.59999938302362
CHEMBL2165191,Cc1cc([C@@H](C)Nc2ccccc2C(=O)O)c2nc(N3CCOCC3)cc(=O)n2c1,<,4.522878745280337
CHEMBL377300,Cc1cc2c(F)c(Oc3ncnn4cc(OC[C@@H](C)O)c(C)c34)ccc2[nH]1,<,4.522878745280337
CHEMBL270995,Cc1cc2c(F)c(Oc3ncnn4cc(OC[C@@H](C)OC(=O)[C@H](C)N)c(C)c34)ccc2[nH]1,<,4.522878745280337
CHEMBL1997193,Cc1ccc(-c2cc(-c3cc(Br)ccc3O)[nH]c(=O)c2C#N)s1,<,5.40000018605658
CHEMBL1996048,Cc1ccc(-c2cc3c(NCCN)ccc(C(N)=O)c3[nH]2)cc1,<,5.40000018605658
CHEMBL1965169,Cc1ccc(-c2cc3nc(Br)cnc3[nH]2)cc1,,6.799998134593398
CHEMBL2011330,Cc1ccc(-c2cnc(Nc3cc(N4CCNCC4)ccn3)s2)cn1,<,4.698970004336019
CHEMBL2013061,Cc1ccc(-c2cnc(Nc3cccc(N4CCNCC4)n3)s2)cn1,,6.0
CHEMBL2013059,Cc1ccc(-c2cnc(Nc3cccc(NCCCN)n3)s2)cn1,,6.060480747381382
CHEMBL3991932,Cc1ccc(-n2nc(C(C)(C)C)cc2NC(=O)NCc2cc(F)ccc2Oc2ccc3c(cnn3CCO)c2)cc1,<,4.522878745280337
CHEMBL103667,Cc1ccc(-n2nc(C(C)(C)C)cc2NC(=O)Nc2ccc(OCCN3CCOCC3)c3ccccc23)cc1,,5.101981905233537
CHEMBL3612496,Cc1ccc(Br)cc1S(=O)(=O)N(C)/N=C/c1cnn2ccc(Cl)nc12,<,5.0
CHEMBL3612498,Cc1ccc(C#N)cc1S(=O)(=O)N(C)/N=C/c1cnn2ccc(Cl)nc12,,5.444905551421681
CHEMBL3612513,Cc1ccc(C#N)cc1S(=O)(=O)N(C)CCc1cnn2ccc(Cl)nc12,<,5.0
CHEMBL1171837,Cc1ccc(C(=O)Nc2ccc(CN3CCN(C)CC3)c(C(F)(F)F)c2)cc1C#Cc1cnc2cccnn12,<,4.522878745280337
CHEMBL3545307,Cc1ccc(C(=O)Nc2ccc(Oc3cc4cnn(C)c4cc3-c3cn[nH]c3)c(F)c2)c(=O)n1-c1ccc(F)cc1,<,4.522878745280337
CHEMBL3612497,Cc1ccc(C(=O)O)cc1S(=O)(=O)N(C)/N=C/c1cnn2ccc(Cl)nc12,<,5.0
CHEMBL1984296,Cc1ccc(C)c(NC(=O)c2cc(-c3ccco3)nc3ccccc23)c1,,5.40000018605658
CHEMBL2007266,Cc1ccc(F)c(NC(=O)Nc2ccc(-c3ccc(OCCCn4cccc4)c4[nH]nc(N)c34)cc2)c1,<,5.40000018605658
CHEMBL223360,Cc1ccc(F)c(NC(=O)Nc2ccc(-c3cccc4[nH]nc(N)c34)cc2)c1,,5.1265318750113265
CHEMBL1983640,Cc1ccc(F)c(NC(=O)Nc2ccc(-c3coc4c(C#CCN5CCOCC5)cnc(N)c34)cc2)c1,<,5.40000018605658
CHEMBL1908391,Cc1ccc(NC(=O)c2ccc(CN3CCN(C)CC3)cc2)cc1Nc1nc(-c2cccnc2)cs1,<,4.522878745280337
CHEMBL941,Cc1ccc(NC(=O)c2ccc(CN3CCN(C)CC3)cc2)cc1Nc1nccc(-c2cccnc2)n1,<,4.522878745280337
CHEMBL206834,Cc1ccc(NC(=O)c2ccc(CN3CC[C@H](N(C)C)C3)c(C(F)(F)F)c2)cc1Nc1nccc(-c2cncnc2)n1,<,4.522878745280337
CHEMBL2013158,Cc1ccc(NC(=O)c2cncc(-c3cnc(Nc4cc(N5CCOCC5)ccn4)s3)c2)s1,<,5.0
CHEMBL1986899,Cc1ccc(NCc2ccc(-c3ccc(F)cc3)nc2)cc1,<,5.40000018605658
CHEMBL1992937,Cc1ccc(Nc2nc3ccc([N+](=O)[O-])cc3[nH]2)nc1,,6.699991797446187
CHEMBL477772,Cc1ccc(Nc2nccc(N(C)c3ccc4c(C)n(C)nc4c3)n2)cc1S(N)(=O)=O,,4.757644958684099
CHEMBL3218575,Cc1ccc(S(=O)(=O)Nc2nc3ccccc3nc2Nc2ccc3nsnc3c2)cc1,<,4.522878745280337
CHEMBL393525,Cc1ccc([N+](=O)[O-])cc1S(=O)(=O)N(C)/N=C/c1cnc2ccc(Br)cn12,,8.602059991327963
CHEMBL3612505,Cc1ccc([N+](=O)[O-])cc1S(=O)(=O)N(C)/N=C/c1cnn2ccc(-c3cccnc3)nc12,<,5.0
CHEMBL3612507,Cc1ccc([N+](=O)[O-])cc1S(=O)(=O)N(C)/N=C/c1cnn2ccc(C#N)nc12,,5.742081549685942
CHEMBL3612482,Cc1ccc([N+](=O)[O-])cc1S(=O)(=O)N(C)/N=C/c1cnn2ccc(Cl)nc12,,6.075204004202088
CHEMBL3612514,Cc1ccc([N+](=O)[O-])cc1S(=O)(=O)n1cc(-c2cnn3ccc(Cl)nc23)cn1,,5.774690718274137
CHEMBL249697,Cc1ccc2nc(NCCN)c3ncc(C)n3c2c1,,6.167491087293763
CHEMBL1980376,Cc1cccc(-c2cccc3onc(N)c23)c1,,4.300000029139088
CHEMBL2364611,Cc1cccc(-c2nn3c(c2-c2ccnc4ccc(C(N)=O)cc24)CCC3)n1,<,4.522878745280337
CHEMBL1989708,Cc1cccc(NC(=O)Nc2ccc(-c3csc4c(-c5cnn(CC(C)O)c5)cnc(N)c34)cc2)c1,,5.40000018605658
CHEMBL1978166,Cc1cccc(NC(=O)Nc2ccc(-c3csc4c(C#CCCCCCCCCN)cnc(N)c34)cc2)c1,,6.299997602857746
CHEMBL1974328,Cc1cccc(Nc2nc(NC3CCCCC3N)cnc2C(N)=O)c1,,6.799998134593398
CHEMBL3612486,Cc1cccc(S(=O)(=O)N(C)/N=C/c2cnn3ccc(Cl)nc23)c1,<,5.0
CHEMBL2000029,Cc1ccccc1-c1c(-c2ccc3[nH]nc(N)c3c2)nnn1Cc1ccccc1,,6.399996913372259
CHEMBL3612484,Cc1ccccc1S(=O)(=O)N(C)/N=C/c1cnn2ccc(Cl)nc12,<,5.0
CHEMBL2013162,Cc1cccnc1Nc1ncc(-c2cncc(C(=O)NCCN)c2)s1,,6.040958607678906
CHEMBL3612503,Cc1ccn2ncc(/C=N/N(C)S(=O)(=O)c3cc([N+](=O)[O-])ccc3C)c2n1,,5.057991946977687
CHEMBL1985367,Cc1ccnc(Nc2cc(C)nc(-c3ccccc3)n2)c1,,6.599997654072044
CHEMBL1989471,Cc1ccnc2[nH]c3cc(C(C)C)ccc3c(=O)c12,,6.599997654072044
CHEMBL255863,Cc1cn(-c2cc(NC(=O)c3ccc(C)c(Nc4nccc(-c5cccnc5)n4)c3)cc(C(F)(F)F)c2)cn1,<,4.522878745280337
CHEMBL3039517,Cc1cnc(NC(=O)Nc2cc(Br)c(C)cc2OC[C@@H]2CNCCO2)cn1,<,4.522878745280337
CHEMBL1973013,Cc1cnc(Nc2nc(NC(C)C)ncc2Br)s1,,6.699991797446187
CHEMBL212049,Cc1cnc(OC2CCCCC2)nc1-c1cnc(Nc2ccccn2)s1,,6.721246399047171
CHEMBL5290154,Cc1cncc(-c2ccc3[nH]nc(NC(=O)c4ccccc4)c3c2)c1,,5.583692412940118
CHEMBL220947,Cc1cnnn1-c1ccc2c(-c3cc4cc(CN5CCCCC5)ccc4[nH]3)n[nH]c2c1,,6.376750709602099
CHEMBL2140408,Cc1csc(-c2nnc(Nc3ccc(Oc4ncccc4-c4ccnc(N)n4)cc3)c3ccccc23)c1,<,4.522878745280337
CHEMBL4062803,Cc1n[nH]c2cc(Nc3nc(NC4CC4)c4occc4n3)ccc12,<,5.0
CHEMBL4876497,Cc1n[nH]c2ccc(-c3cc(N[C@@H](CO)c4ccccc4)cnc3Cl)cc12,<,6.0
CHEMBL1967252,Cc1n[nH]c2ccc(-c3cccnc3)cc12,,5.100000128334196
CHEMBL4855785,Cc1n[nH]c2ccc(-c3cncc(NC(CO)c4ccccc4)n3)cc12,<,6.0
CHEMBL4863726,Cc1n[nH]c2ccc(-c3cncc(NC4CCCC(O)C4)n3)cc12,,6.491941864317635
CHEMBL4860265,Cc1n[nH]c2ccc(-c3cncc(N[C@@H](CO)c4ccc(F)cc4)n3)cc12,<,6.0
CHEMBL4872952,Cc1n[nH]c2ccc(-c3cncc(N[C@@H](CO)c4cccc(F)c4)n3)cc12,,6.3041682271733075
CHEMBL4856767,Cc1n[nH]c2ccc(-c3cncc(N[C@@H](CO)c4ccccc4)n3)cc12,<,6.0
CHEMBL1991063,Cc1n[nH]c2ccc(-c3cncc(OCC(N)Cc4ccc(Cl)c(Cl)c4)c3)cc12,,7.700057099977233
CHEMBL1974870,Cc1n[nH]c2ccc(-c3cncc(OCC(N)Cc4cccc(Cl)c4)c3)cc12,,7.700057099977233
CHEMBL379218,Cc1n[nH]c2ccc(-c3cncc(OC[C@@H](N)Cc4ccccc4)c3)cc12,,7.154901959985743
CHEMBL1972339,Cc1n[nH]c2ccc(-c3nnn(Cc4ccccc4)c3-c3ccc(F)cc3)cc12,,6.699991797446187
CHEMBL4857229,Cc1n[nH]c2ncc(-c3cc(N[C@@H](CO)c4ccccc4)cnc3Cl)cc12,<,6.0
CHEMBL46817,Cc1nc(C)c(-c2ccnc(Nc3ccc(N(C)C)cc3)n2)s1,,5.39663907565162
CHEMBL1084454,Cc1nc(C)c(-c2ccnc(Nc3ccc(N)cc3)n2)s1,,5.592439150513638
CHEMBL1083484,Cc1nc(C)c(-c2ccnc(Nc3ccc(N4CCN(S(C)(=O)=O)CC4)cc3)n2)s1,<,5.0
CHEMBL1085626,Cc1nc(C)c(-c2ccnc(Nc3ccc(N4CCOCC4)cc3)n2)s1,<,5.0
CHEMBL482967,Cc1nc(N)sc1-c1ccnc(Nc2ccc(N3CCOCC3)cc2)n1,<,4.522878745280337
CHEMBL298445,Cc1nc(N)sc1-c1ccnc(Nc2cccc([N+](=O)[O-])c2)n1,,7.154901959985743
CHEMBL2396661,Cc1nc(NC(=O)N2CCC[C@H]2C(N)=O)sc1-c1ccnc(C(C)(C)C(F)(F)F)c1,<,4.522878745280337
CHEMBL3128043,Cc1nc(Nc2n[nH]c3c2CN(C(=O)N[C@H](CN(C)C)c2ccccc2)C3(C)C)c2sccc2n1,,8.522878745280337
CHEMBL2148120,Cc1nc(Nc2nc3ccc(-c4cccc(C(=O)Nc5cccc(C(F)(F)F)c5)c4)nc3s2)cc(N2CCNCC2)n1,,7.886056647693163
CHEMBL1421,Cc1nc(Nc2ncc(C(=O)Nc3c(C)cccc3Cl)s2)cc(N2CCN(CCO)CC2)n1,<,4.522878745280337
CHEMBL1974702,Cc1nc2c(sc3c(Br)ccc(Cl)c32)c(=O)o1,<,5.800000874803203
CHEMBL3991933,Cc1nc2cc(-c3nn(C(C)C)c4ncnc(N)c34)ccc2o1,<,4.522878745280337
CHEMBL3907479,Cc1nc2ccc(-n3ncc(C(=O)c4cc5ccccc5[nH]4)c3N)cc2[nH]1,<,4.522878745280337
CHEMBL488436,Cc1ncc(-c2ccnc(Nc3ccc(S(C)(=O)=O)cc3)n2)n1C(C)C,,5.632271453913024
CHEMBL1991678,Cc1nccn2c(-c3ccnc(NCC(C)(C)CO)n3)c(-c3ccc(F)cc3F)nc12,<,5.40000018605658
CHEMBL1996500,Cc1nccn2c(-c3ccnc(NCC(C)(C)O)n3)c(-c3ccc(F)cc3F)nc12,<,5.40000018605658
CHEMBL1965589,Cc1nccn2c(-c3ccnc(NCC4(O)CC4)n3)c(-c3ccc(F)cc3F)nc12,<,5.800000874803203
CHEMBL1977814,Cc1nn(C)c2c1c(=O)c1cc(Cl)ccc1n2OCC(C)C,<,5.40000018605658
CHEMBL3823030,Cc1nn(C2CCN(C(=O)[C@@H](C)O)CC2)c(C)c1Nc1ncc(Cl)c(-c2cnn3ccccc23)n1,,6.522878745280337
CHEMBL4552628,Cc1sc(C(=O)N[C@@H]2[C@H](N)CCCC2(F)F)cc1-c1cnn2cc(Cl)cnc12,>,8.0
CHEMBL1969588,Clc1cc(-c2c[nH]c3ncccc23)cc(NCc2ccccc2)n1,,7.599980364934842
CHEMBL2006439,Clc1cc(-c2c[nH]c3ncccc23)nc(NC2CCCCC2)n1,<,5.200000237109354
CHEMBL1980253,Clc1cc(-c2c[nH]c3ncccc23)nc(NC2CCOCC2)n1,,6.599997654072044
CHEMBL1972988,Clc1cc(-c2c[nH]c3ncccc23)ncn1,,5.700000503883016
CHEMBL1997846,Clc1cc(NC2CCCCC2)nc(-c2c[nH]c3ncccc23)n1,<,5.200000237109354
CHEMBL2002586,Clc1cc(Nc2nc(NC3CC3)c3sccc3n2)ccc1N1CCOCC1,,5.499999678657065
CHEMBL1998228,Clc1cc2nnc(-c3ccccc3)n2cn1,,4.70000006855703
CHEMBL101253,Clc1ccc(Nc2nnc(Cc3ccncc3)c3ccccc23)cc1,<,4.522878745280337
CHEMBL1986503,Clc1ccc2c(c1)nnc1nnnn12,<,5.40000018605658
CHEMBL4465061,Clc1cnc(NC2CCCCC2)nc1-c1c[nH]c2cccnc12,,7.698970004336019
CHEMBL4533453,Clc1cnc(N[C@@H]2CCCNC2)nc1-c1c[nH]c2ccccc12,,7.698970004336019
CHEMBL4555799,Clc1cnc(N[C@H]2CCCNC2)nc1-c1c[nH]c2ccccc12,>,7.698970004336019
CHEMBL1615025,Cn1c(=O)c(F)c(Nc2ccc(I)cc2F)c2c(=O)n(C[C@@H](O)CO)cnc21,<,4.522878745280337
CHEMBL1879463,Cn1c(=O)n(-c2ccc(C(C)(C)C#N)cc2)c2c3cc(-c4cnc5ccccc5c4)ccc3ncc21,,5.364726330266422
CHEMBL1990496,Cn1c(NCC(N)Cc2ccccc2)nc(-c2ccncc2)c(-c2ccc3ccccc3c2)c1=O,<,5.40000018605658
CHEMBL558752,Cn1c(Nc2ccc(C(F)(F)F)cc2)nc2cc(Oc3ccnc(-c4ncc(C(F)(F)F)[nH]4)c3)ccc21,<,4.522878745280337
CHEMBL1978562,Cn1cc(-c2cc3nc(Br)cnc3[nH]2)c2cc(C#N)ccc21,,6.599997654072044
CHEMBL1993335,Cn1cc(-c2cc3nc(Br)cnc3[nH]2)c2cc(F)ccc21,,7.199970640755866
CHEMBL1978167,Cn1cc(-c2cc3nc(Br)cnc3[nH]2)c2ccccc21,,6.299997602857746
CHEMBL3545076,Cn1cc(-c2ccc(F)c(C(F)(F)F)c2)nc1C1CCN(c2ncnc3[nH]ncc23)CC1,<,4.522878745280337
CHEMBL5193291,Cn1cc(-c2ccc(N(C(=O)NCc3ccccc3)C3CCC(Nc4ccc(C#N)cn4)CC3)cc2)ccc1=O,<,5.0
CHEMBL2133806,Cn1cc(-c2ccc3nnc(C(F)(F)c4ccc5ncccc5c4)n3n2)cn1,<,4.522878745280337
CHEMBL1236107,Cn1cc(-c2ccc3nnc(Sc4ccc5ncccc5c4)n3n2)cn1,<,4.522878745280337
CHEMBL2001584,Cn1cc(-c2cccc(NC(=O)c3ccc(C(C)(C)C)cc3)c2CO)cc(Nc2ccc(C(=O)N3CCOCC3)cn2)c1=O,<,5.40000018605658
CHEMBL4550702,Cn1cc(-c2cnc3c(-c4csc(C(=O)NCC(F)(F)F)c4)cnn3c2)cn1,,7.275724130399211
CHEMBL4568087,Cn1cc(-c2cnc3c(-c4csc(C(=O)N[C@@H]5CCCC[C@@H]5N)c4)cnn3c2)cn1,,8.387216143280265
CHEMBL2323775,Cn1cc(-c2cnc3ccc4ccc(CS(=O)(=O)NCc5ccccn5)cc4c(=O)c3c2)cn1,<,4.522878745280337
CHEMBL2013066,Cn1cc(-c2cncc(-c3cnc(Nc4cc(N5CCNCC5)ccn4)s3)c2)cn1,<,5.698970004336019
CHEMBL2386889,Cn1cc(-c2cnn3c(N)c(Br)c([C@@H]4CCCNC4)nc23)cn1,<,4.522878745280337
CHEMBL1082152,Cn1cc(C2=C(c3cccc(NCC(O)CO)c3)C(=O)NC2=O)c2cc(F)ccc21,,7.3872161432802645
CHEMBL300138,Cn1cc(C2=C(c3cn(C4CCN(Cc5ccccn5)CC4)c4ccccc34)C(=O)NC2=O)c2ccccc21,,4.986471779568993
CHEMBL3545137,Cn1cc(C2=Nc3cc(NC(=O)C(N)C4CCCCC4)cc4c3C2=CNNC4=O)cn1,<,4.522878745280337
CHEMBL1994669,Cn1cc(Nc2ncc(Br)c(Nc3ccccc3C(N)=O)n2)cn1,,8.500038134403809
CHEMBL1984548,Cn1cc(Nc2ncc(Cl)c(Nc3ccccc3C(N)=O)n2)cn1,,8.199970640755867
CHEMBL1614701,Cn1cnc2c(F)c(Nc3ccc(Br)cc3Cl)c(C(=O)NOCCO)cc21,<,4.522878745280337
CHEMBL3187723,Cn1cnc2c(F)c(Nc3ccc(Br)cc3F)c(C(=O)NOCCO)cc21,<,4.522878745280337
CHEMBL4586794,Cn1cncc1[C@](O)(COc1ccc(C#N)cc1-c1ccc(OC(F)(F)F)cc1)c1ccc(C#N)cc1,<,5.0
CHEMBL4754493,Cn1ncc(-c2nc(N[C@H]3CC[C@H](N)CC3)ncc2Cl)c1CC1CC1,,8.886056647693163
CHEMBL4632717,Cn1ncc(-c2nc(N[C@H]3CC[C@H](N)CC3)ncc2F)c1CC1CC1,,9.508638306165727
CHEMBL3137336,Cn1ncc(Cl)c1-c1cc(C(=O)N[C@H](CN)Cc2ccc(F)c(F)c2)oc1Cl,,5.948076083953893
CHEMBL2219422,Cn1ncc(Cl)c1-c1cc(C(=O)N[C@H](CN)Cc2cccc(F)c2)sc1Cl,<,4.522878745280337
CHEMBL3544964,Cn1nccc1Nc1nccc(-c2ccn([C@H](CO)c3ccc(Cl)c(F)c3)c(=O)c2)n1,<,4.522878745280337
CHEMBL4078893,FC(F)(F)CNc1nc(Nc2ccc(N3CCOCC3)c(Cl)c2)nc2ccoc12,<,5.0
CHEMBL4066664,FC(F)(F)CNc1nc(Nc2ccc3cn[nH]c3c2)nc2ccoc12,<,5.0
CHEMBL1614707,FC(F)(F)c1ccc(/C=C/c2nc(COc3ccc(CCCCn4ccnn4)cc3)co2)cc1,<,4.522878745280337
CHEMBL3813873,FC(F)(F)c1ccc(CNc2ccc(Cc3c[nH]c4ncc(Cl)cc34)cn2)cn1,<,4.522878745280337
CHEMBL4474655,FC(F)(F)c1cnc(N[C@H]2CCCNC2)nc1-c1n[nH]c2ccccc12,>,7.698970004336019
CHEMBL2003785,Fc1cccc(CNc2ncnc3[nH]cnc23)c1,,4.499999953328896
CHEMBL3186534,N#CC1(c2ccc(NC(=O)c3cccnc3NCc3ccncc3)cc2)CCCC1,<,4.522878745280337
CHEMBL1978371,N#CC1=C(c2ccccc2)CC(c2ccc(Cl)cc2)C(C(=O)c2ccccc2)C1=O,,5.899998417198648
CHEMBL2002099,N#CCC(C1CCCC1)n1cc(-c2ncnc3[nH]ccc23)cn1,<,5.40000018605658
CHEMBL1078178,N#CCNC(=O)c1ccc(-c2ccnc(Nc3ccc(N4CCOCC4)cc3)n2)cc1,<,4.522878745280337
CHEMBL1789941,N#CC[C@H](C1CCCC1)n1cc(-c2ncnc3[nH]ccc23)cn1,,4.930289723563655
CHEMBL1967992,N#Cc1ccc(-c2ccncc2)cc1NCc1ccccc1,<,5.40000018605658
CHEMBL398951,N#Cc1ccc(-c2n[nH]c3c2Cc2ccc(OCCCCN4CCOCC4)cc2-3)cn1,<,5.40000018605658
CHEMBL1990162,N#Cc1ccc(C(=O)Nc2n[nH]c3ccc(-c4cn(Cc5ccccc5)nn4)cc23)cc1,,7.599980364934842
CHEMBL1969664,N#Cc1ccc2[nH]c(O)c(-c3ccc(CN4CCOCC4)cn3)c2c1,,6.0
CHEMBL374413,N#Cc1ccc2c(-c3cc4cc(CN5CCOCC5)ccc4[nH]3)n[nH]c2c1,,7.958607314841775
CHEMBL1985681,N#Cc1ccc2c(c1)C(c1ccc3c(n1)CCCC3O)C(=O)N2,,7.400007822415902
CHEMBL1996345,N#Cc1ccc2nc(N)n(-c3nc4c(s3)CCCC4)c2c1,<,5.40000018605658
CHEMBL1988805,N#Cc1ccc2nc(N)n(-c3nccs3)c2c1,<,5.40000018605658
CHEMBL1977128,N#Cc1cccc(C(=O)Nc2n[nH]c3ccc(-c4cn(Cc5ccccc5)nn4)cc23)c1,,7.0
CHEMBL1968868,N#Cc1cccc(NC(=O)Nc2ccnc3cc(C(F)(F)F)ccc23)n1,<,5.40000018605658
CHEMBL560813,N#Cc1cnc(NC(=O)Nc2ccc3cc(C(=O)O)ccc3c2)cn1,<,5.800000874803203
CHEMBL248757,N#Cc1ncc2nc1OCCCCOc1cc(NCc3cncs3)c(Cl)cc1NC(=O)N2,<,5.816730156317195
CHEMBL2041933,NC(=O)Nc1cc(-c2cccc(F)c2)sc1C(=O)N[C@H]1CCCNC1,<,4.522878745280337
CHEMBL253969,NC(=O)c1c(OCc2c(F)cc(Br)cc2F)nsc1NC(=O)NCCCCN1CCCC1,<,4.522878745280337
CHEMBL1965660,NC(=O)c1cc(-c2ccnc(N)n2)[nH]c1-c1ccc(Cl)cc1Cl,,6.799998134593398
CHEMBL1981079,NC(=O)c1cc(-c2ccnc(N)n2)[nH]c1-c1ccc(Cl)cc1F,,7.100015437450609
CHEMBL1978195,NC(=O)c1cc2c(-c3ccc(Br)cc3)cncc2s1,,5.899998417198648
CHEMBL1974310,NC(=O)c1cc2c(-c3ccc(F)cc3)cncc2s1,<,5.800000874803203
CHEMBL1993904,NC(=O)c1cc2c(-c3ccc(Nc4nc5ccccc5o4)cc3)cnc(N)c2s1,,5.800000874803203
CHEMBL1971534,NC(=O)c1cc2ccncc2s1,,4.900000142057633
CHEMBL1982711,NC(=O)c1ccc(-c2c[nH]c3nccc(Cl)c23)cc1,,6.199998172182031
CHEMBL1986722,NC(=O)c1ccc(-c2ccncc2)cc1N1CCCC1,<,5.59999938302362
CHEMBL440084,NC(=O)c1ccc(-c2nc(-c3ccccn3)c(-c3ccc4c(c3)OCO4)[nH]2)cc1,<,5.0
CHEMBL1090090,NC(=O)c1ccc(N(C(N)=O)c2c(F)cccc2F)nc1-c1ccc(F)cc1F,<,4.522878745280337
CHEMBL221427,NC(=O)c1ccc2c(-c3cc4cc(CN5CCOCC5)ccc4[nH]3)n[nH]c2c1,,5.886056647693163
CHEMBL1973359,NC(=O)c1ccc2nc(-c3ccc([N+](=O)[O-])o3)cn2c1,,6.199998172182031
CHEMBL1997554,NC(=O)c1ccccc1Nc1nc(Nc2ccccc2)ncc1C(F)(F)F,,8.299988937677888
CHEMBL2013069,NC(=O)c1cncc(-c2cnc(Nc3cc(N4CCOCC4)ccn3)s2)c1,<,5.431798275933005
CHEMBL4747992,NC(=O)c1sc(-c2ccnc(NC(=O)C3CC3)c2)nc1OCCCC1CCN(Cc2ccc(F)cc2)CC1,<,6.522878745280337
CHEMBL1980407,NC(COc1cncc(-c2ccc3c(c2)C(=Cc2ccc[nH]2)C(=O)N3)c1)Cc1ccccc1,,8.0
CHEMBL1983945,NC(Cc1c[nH]c2ccccc12)C(=O)Nc1cncc(C=Cc2ccncc2)c1,<,5.40000018605658
CHEMBL2325741,NC1(C(=O)N[C@@H](CCO)c2ccc(Cl)cc2)CCN(c2nc[nH]c3nccc2-3)CC1,<,4.522878745280337
CHEMBL1079175,NC1(c2ccc(-c3nc4ccn5c(=O)[nH]nc5c4cc3-c3ccccc3)cc2)CCC1,<,4.522878745280337
CHEMBL1983589,NC1CCC(Nc2cc(Cl)nc(-c3c[nH]c4ncccc34)n2)CC1,<,5.40000018605658
CHEMBL1973720,NC1CCC(Nc2nc(Cl)cc(-c3c[nH]c4ncccc34)n2)CC1,,7.299988937677887
CHEMBL1966628,NC1CCC(Nc2nccc(-c3c[nH]c4ncccc34)n2)CC1,,8.400007822415901
CHEMBL1998432,NC1CCCC(Nc2nc(Cl)cc(-c3c[nH]c4ncccc34)n2)C1,,7.599980364934842
CHEMBL1994438,NC1CCCCC1Nc1nc(Cl)cc(-c2c[nH]c3ncccc23)n1,,7.100015437450609
CHEMBL1995813,NC1CCCCC1Nc1nccc(-c2c[nH]c3ncccc23)n1,,8.199970640755867
CHEMBL5288651,NCC(=O)Nc1cncc(-c2ccc3[nH]nc(NC(=O)c4ccccc4)c3c2)c1,,5.603800652904264
CHEMBL1990254,NCC(NC(=O)c1ccc(-c2ccncc2)cc1)c1ccccc1,<,5.40000018605658
CHEMBL1975534,NCC(O)C(O)Cn1cc(I)c2c(N)ncnc21,<,5.800000874803203
CHEMBL2013164,NCCCCc1cncc(-c2cnc(Nc3cc(N4CCOCC4)ccn3)s2)c1,<,5.0
CHEMBL2013163,NCCNC(=O)c1cccc(-c2cnc(Nc3cc(N4CCC(F)(F)CC4)ccn3)s2)c1,,6.795880017344075
CHEMBL2013160,NCCNC(=O)c1cncc(-c2cnc(Nc3cc(Cl)ccn3)s2)c1,,6.026872146400302
CHEMBL2010809,NCCNC(=O)c1cncc(-c2cnc(Nc3cc(N4CCOCC4)ccn3)s2)c1,,6.468521082957745
CHEMBL2013165,NCCNC(=O)c1cncc(-c2cnc(Nc3ccccc3Cl)s2)c1,<,5.0
CHEMBL2013161,NCCNC(=O)c1cncc(-c2cnc(Nc3ncccc3Cl)s2)c1,,6.017728766960431
CHEMBL1972290,NCCNc1cc(-c2c[nH]c3ncccc23)cc(Cl)n1,,7.0
CHEMBL5287087,NCCNc1cncc(-c2ccc3[nH]nc(NC(=O)c4ccccc4)c3c2)c1,,5.80799040734633
CHEMBL5274271,NCCOc1cncc(-c2ccc3[nH]nc(NC(=O)c4ccccc4)c3c2)c1,,5.699839463048647
CHEMBL2013170,NCNC(=O)c1cncc(-c2cnc(Nc3cc(N4CCC(F)(F)CC4)ccn3)s2)c1,,6.498940737782249
CHEMBL2013169,NCNC(=O)c1cncc(-c2cnc(Nc3cc(N4CCC(F)CC4)ccn3)s2)c1,,6.455931955649724
CHEMBL5284748,NC[C@@H](CNc1cncc(-c2ccc3[nH]nc(NC(=O)c4ccccc4)c3c2)c1)c1ccccc1,,6.403402904373539
CHEMBL3544960,NC[C@@](O)(c1ccc(Cl)cc1)c1ccc(-c2cn[nH]c2)cc1,<,4.522878745280337
CHEMBL1980246,NCc1cc(Nc2ncnc(-c3ccccc3)n2)ccc1O,<,5.40000018605658
CHEMBL219789,NCc1nn[nH]c1-c1ccc2c(-c3cc4cc(CN5CCC(F)CC5)ccc4[nH]3)n[nH]c2c1,,6.522878745280337
CHEMBL1996208,NNc1cc(N2CCOCC2)nc(OCCc2ccccn2)n1,<,5.40000018605658
CHEMBL319467,NS(=O)(=O)c1ccc(Nc2nc(OCC3CCCCC3)c3nc[nH]c3n2)cc1,,5.356547323513812
CHEMBL5285145,N[C@@H](COc1cncc(-c2ccc3[nH]nc(NC(=O)c4ccccc4)c3c2)c1)Cc1ccccc1,,5.620875853929608
CHEMBL5290719,N[C@@H](COc1cncc(-c2ccc3[nH]nc(NC(=O)c4ccccc4)c3c2)c1)c1ccccc1,,5.308211475597302
CHEMBL5277013,N[C@@H](Cc1ccccc1)C(=O)Nc1cncc(-c2ccc3[nH]nc(NC(=O)c4ccccc4)c3c2)c1,,5.872571222148401
CHEMBL2048872,N[C@@H]1CCCN(c2c(/C=C3\SC(=O)NC3=O)cccc2-c2ccccc2)C1,<,4.522878745280337
CHEMBL5287678,N[C@H](C(=O)Nc1cncc(-c2ccc3[nH]nc(NC(=O)c4ccccc4)c3c2)c1)c1ccccc1,,5.502793819296046
CHEMBL5290362,N[C@H](COc1cncc(-c2ccc3[nH]nc(NC(=O)c4ccccc4)c3c2)c1)Cc1ccccc1,,6.474955192963154
CHEMBL5287079,N[C@H](COc1cncc(-c2ccc3[nH]nc(NC(=O)c4ccccc4)c3c2)c1)c1ccccc1,,6.1598939055432425
CHEMBL5270227,N[C@H](Cc1ccccc1)C(=O)Nc1cncc(-c2ccc3[nH]nc(NC(=O)c4ccccc4)c3c2)c1,,5.683400697906139
CHEMBL2004438,Nc1c(-c2ccc(NC(=O)Nc3cccc(C(F)(F)F)c3)cc2)ccc2nccnc12,<,5.40000018605658
CHEMBL1977134,Nc1c(-c2ccc(NC(=O)Nc3cccc(C(F)(F)F)c3)cc2)cnc2c(-c3ccc4c(c3)OCO4)cnn12,<,5.40000018605658
CHEMBL1987448,Nc1cc(-c2c[nH]c3ncccc23)cc(Cl)n1,,8.199970640755867
CHEMBL1995765,Nc1cc(=O)[nH]n1-c1ccccn1,,4.70000006855703
CHEMBL2017974,Nc1cc(C(F)(F)F)c(-c2cc(N3CCOCC3)nc(N3CCOCC3)n2)cn1,<,4.522878745280337
CHEMBL1972125,Nc1ccc(-c2cncc(OCC(N)Cc3c[nH]c4ccccc34)c2)cc1C(=O)c1ccccc1,<,5.800000874803203
CHEMBL5190752,Nc1ccc(Oc2ccc(NC(=O)Nc3cccc(C(F)(F)F)c3)cc2)cn1,,7.001740661576301
CHEMBL1974574,Nc1ccc2c(C(=O)O)n(-c3ccccc3)nc2c1,<,5.40000018605658
CHEMBL1965387,Nc1n[nH]c2c(OCCCn3cccc3)ccc(-c3ccc(NC(=O)Nc4cccc(Cl)c4)cc3)c12,<,5.40000018605658
CHEMBL1986499,Nc1n[nH]c2ccc(-c3nnn(Cc4ccccc4)c3-c3ccc(F)cc3)cc12,<,5.59999938302362
CHEMBL1971519,Nc1n[nH]c2cccc(-c3ccc(F)cc3)c12,,4.70000006855703
CHEMBL1991867,Nc1n[nH]c2nc(Cl)sc12,,4.399999967876858
CHEMBL2002105,Nc1n[nH]c2ncc(Br)cc12,,4.70000006855703
CHEMBL2007097,Nc1nc(=O)[nH]c2sccc12,,4.0
CHEMBL2007574,Nc1nc(Cl)cc(-c2c[nH]c3ncccc23)n1,,7.599980364934842
CHEMBL230011,Nc1nc(N)c2nc(-c3cccc(O)c3)c(-c3cccc(O)c3)nc2n1,<,4.522878745280337
CHEMBL5202522,Nc1nc(N[C@H]2CC3CCC2C3)sc1C(=O)c1ccccc1[N+](=O)[O-],,6.255707016877324
CHEMBL191003,Nc1nc(Nc2ccc(S(N)(=O)=O)cc2)nn1C(=O)c1c(F)cccc1F,,6.15959228995062
CHEMBL2153264,Nc1nc2c(-c3ccccn3)nccc2[nH]1,,5.1249387366083
CHEMBL4855730,Nc1ncc(-c2ccc(NS(=O)(=O)C3CC3)cc2F)cc1-c1ccc2c(c1)CCNC2=O,,4.7594507517174005
CHEMBL4868141,Nc1ncc(-c2ccc(NS(=O)(=O)C3CC3)cc2OC2CCCCC2)cc1-c1ccc2c(c1)CCNC2=O,,4.52432881167557
CHEMBL4859660,Nc1ncc(-c2cccc([N+](=O)[O-])c2F)cc1-c1ccc2c(c1)CCNC2=O,,4.106793246940152
CHEMBL4855542,Nc1ncc(-c2cccc3ncsc23)cc1-c1ccc2c(c1)CCNC2=O,,4.482804102050026
CHEMBL1972220,Nc1ncc(-c2cnn(CCO)c2)c2scc(-c3ccc(NC(=O)Nc4ccc(OC(F)F)cc4)cc3)c12,<,5.40000018605658
CHEMBL1980297,Nc1ncc(-c2cnn(CCO)c2)c2scc(-c3ccc(NC(=O)Nc4cccc(F)c4)cc3)c12,<,5.40000018605658
CHEMBL1997119,Nc1ncc2cccc(-c3ccccc3)n12,,4.100000018985305
CHEMBL1992607,Nc1ncnc2c1C(=O)NCCN2,,4.200000030616179
CHEMBL1980671,Nc1ncnc2c1C(=O)Nc1ccccc1N2,,4.499999953328896
CHEMBL262623,Nc1ncnc2c1N=C(c1ccccc1)CCN2,,4.399999967876858
CHEMBL1976376,Nc1ncnc2c1c(-c1ccc(Oc3ccc(CO)cc3)cc1)cn2C1CCOC1,<,5.40000018605658
CHEMBL551064,Nc1ncnc2c1c(-c1cccc(OCc3ccccc3)c1)cn2[C@H]1C[C@H](N2CCC2)C1,<,4.522878745280337
CHEMBL1081312,Nc1ncnc2c1c(-c1cnc3[nH]ccc3c1)nn2C1CCCC1,<,5.40000018605658
CHEMBL1983884,Nc1ncnc2nc3ccccc3n12,<,4.100000018985305
CHEMBL1975212,Nc1ncnc2scc(-c3ccccc3)c12,,4.600000074606178
CHEMBL1972934,Nc1ncnc2sccc12,,4.399999967876858
CHEMBL1968130,Nc1nnc2cncc(Cl)n12,,4.499999953328896
CHEMBL1970340,Nc1noc2cccc(-c3cccc(O)c3)c12,,4.70000006855703
CHEMBL1967719,O=C(C=Cc1ccc(Br)cc1)Nc1cccc2cnccc12,,5.800000874803203
CHEMBL1171238,O=C(CBr)N(c1ccccc1)S(=O)(=O)c1cc(Cl)sc1Cl,<,4.698970004336019
CHEMBL1994308,O=C(CCC(=O)Nc1cc(C(F)(F)F)ccc1Cl)NN=Cc1c[nH]c2ccccc12,<,5.40000018605658
CHEMBL2011328,O=C(CN1CCN(c2ccnc(Nc3ncc(-c4cccnc4)s3)c2)CC1)N1CCOCC1,,5.7544873321858505
CHEMBL571546,O=C(Cc1ccc(-c2ccc(OCCN3CCOCC3)cc2)cn1)NCc1ccccc1,<,4.522878745280337
CHEMBL1992581,O=C(Cc1ccc(-c2cccnc2)cc1)Nc1ccc(SC(F)F)cc1,,6.699991797446187
CHEMBL1996576,O=C(Cc1ccc(OC(F)(F)F)cc1)N1CCC2(CC1)NCCc1c2[nH]c2ccccc12,<,5.40000018605658
CHEMBL1090356,O=C(Cc1ccccc1)Nc1cccc(-c2nc3sccn3c2-c2ccnc(Nc3ccc(N4CCOCC4)cc3)n2)c1,<,5.800000874803203
CHEMBL1421720,O=C(Cc1cccs1)Nc1nc2ccccc2s1,,6.0
CHEMBL1986143,O=C(NC(CCO)c1ccccc1)c1ccc(-c2ccncc2)cc1,<,5.40000018605658
CHEMBL4569508,O=C(NCC(F)(F)F)c1cc(-c2cnn3cc(-c4ccc(OCCN5CCCCC5)cc4)cnc23)cs1,,7.522878745280337
CHEMBL2013167,O=C(NCC(F)(F)F)c1cncc(-c2cnc(Nc3cc(N4CCOCC4)ccn3)s2)c1,,6.151810883008602
CHEMBL2013166,O=C(NCCO)c1cncc(-c2cnc(Nc3cc(N4CCOCC4)ccn3)s2)c1,<,5.0
CHEMBL1987535,O=C(NCCc1cccs1)N1CC=C(c2c[nH]c3ncccc23)CC1,,6.0
CHEMBL2107832,O=C(NC[C@H](O)CO)c1ccncc1Nc1ccc(I)cc1F,<,4.522878745280337
CHEMBL1964644,O=C(NCc1ccccc1)Nc1ncc([N+](=O)[O-])s1,<,5.800000874803203
CHEMBL1983575,O=C(NN=Cc1cc(Br)c(O)c(Br)c1)Nc1ccccc1,,5.499999678657065
CHEMBL1975138,O=C(NNC(=S)Nc1ccc(F)cc1)C(O)(c1ccccc1)c1ccccc1,<,5.800000874803203
CHEMBL105442,O=C(NOCC1CC1)c1ccc(F)c(F)c1Nc1ccc(I)cc1Cl,<,5.0
CHEMBL1614766,O=C(NOCCO)c1cc(CN2OCCCC2=O)c(F)c(F)c1Nc1ccc(I)cc1F,<,4.522878745280337
CHEMBL507361,O=C(NOC[C@H](O)CO)c1ccc(F)c(F)c1Nc1ccc(I)cc1F,<,4.522878745280337
CHEMBL495727,O=C(Nc1c[nH]nc1-c1nc2ccc(CN3CCOCC3)cc2[nH]1)NC1CC1,<,4.522878745280337
CHEMBL1991410,O=C(Nc1cc(-c2c[nH]c3ncccc23)cc(Cl)n1)c1c(F)cccc1F,<,5.40000018605658
CHEMBL1993413,O=C(Nc1cc(-c2c[nH]c3ncccc23)cc(Cl)n1)c1ccccc1,<,5.40000018605658
CHEMBL536151,O=C(Nc1cc(C(F)(F)F)cc(C(F)(F)F)c1)c1cc(Cl)ccc1O,<,4.522878745280337
CHEMBL2007124,O=C(Nc1ccc(-c2ccc(=O)[nH]n2)cc1)Nc1cccc(C(F)(F)F)c1,<,5.40000018605658
CHEMBL1969942,O=C(Nc1ccc(-c2ccc3cn[nH]c3c2)cc1)Nc1cccc(F)c1,<,5.40000018605658
CHEMBL3545328,O=C(Nc1ccc(-c2ccnc(Nc3ccc(N4CCOCC4)cc3)n2)cc1)C1CCCN1,<,4.522878745280337
CHEMBL1614710,O=C(Nc1ccc(OC(F)(F)F)cc1)c1sccc1NCc1ccnc2ccccc12,<,4.522878745280337
CHEMBL1976196,O=C(Nc1ccc([N+](=O)[O-])cc1)N1CCc2[nH]c3c(Cl)cc(Cl)cc3c2C1,<,5.40000018605658
CHEMBL4792974,O=C(Nc1ccc2c(c1)Oc1ncccc1C(=O)N2c1ccncc1)Nc1ccc(Cl)c(C(F)(F)F)c1,<,5.0
CHEMBL4445812,O=C(Nc1ccc2cc(C(=O)Nc3nccs3)ccc2c1)c1ccc(Cl)c(Cl)c1,,5.095825631715837
CHEMBL2001987,O=C(Nc1cccc(C(F)(F)F)n1)Nc1ccnc2c(F)ccc(F)c12,<,5.40000018605658
CHEMBL1981744,O=C(Nc1cccc(C(F)(F)F)n1)Nc1ccnc2cc(Cl)ccc12,<,5.40000018605658
CHEMBL1981792,O=C(Nc1cccc(C(F)(F)F)n1)Nc1ccnc2cc(F)c(F)cc12,<,5.40000018605658
CHEMBL1981215,O=C(Nc1cccc(C(F)(F)F)n1)Nc1ccnc2cc(OC(F)F)ccc12,<,5.40000018605658
CHEMBL1967513,O=C(Nc1cccc(C(F)(F)F)n1)Nc1ccnc2ccc(Cl)cc12,<,5.40000018605658
CHEMBL1992042,O=C(Nc1cccc(C2Nc3ccc4ccccc4c3C3C=CCC32)c1)c1ccc(F)cc1,,5.899998417198648
CHEMBL1986177,O=C(Nc1cccc(Cl)c1)Nc1nc(CCNc2ncnc3ccsc23)cs1,<,5.40000018605658
CHEMBL482767,O=C(Nc1cccc(Cl)c1)Nc1ncc(CCNc2ncnc3ccsc23)s1,<,4.522878745280337
CHEMBL1983393,O=C(Nc1cccc(F)c1)Nc1cccc(-c2ccc3cn[nH]c3c2)c1,<,5.40000018605658
CHEMBL1992371,O=C(Nc1cnccn1)Nc1cccc2c(O)cccc12,,5.40000018605658
CHEMBL1967336,O=C(Nc1cnccn1)Nc1ccnc2c(F)cc(F)cc12,<,5.40000018605658
CHEMBL2002599,O=C(Nc1cnccn1)Nc1ccnc2ccc(N3CC4COCC4C3)cc12,<,5.40000018605658
CHEMBL5271103,O=C(Nc1n[nH]c2ccc(-c3cccnc3)cc12)c1ccccc1,,5.1220530483708115
CHEMBL1995811,O=C(Nc1n[nH]c2ccc(-c3cn(Cc4ccccc4)nn3)cc12)c1cc(F)ccc1F,,6.699991797446187
CHEMBL1987073,O=C(Nc1n[nH]c2ccc(-c3cn(Cc4ccccc4)nn3)cc12)c1ccc(Cl)cc1,,7.0
CHEMBL1966204,O=C(Nc1n[nH]c2ccc(-c3cn(Cc4ccccc4)nn3)cc12)c1ccc(F)cc1,,7.599980364934842
CHEMBL1983595,O=C(Nc1n[nH]c2ccc(-c3cn(Cc4ccccc4)nn3)cc12)c1cccc(Cl)c1,,6.799998134593398
CHEMBL2003638,O=C(Nc1n[nH]c2ccc(-c3cn(Cc4ccccc4)nn3)cc12)c1cccc(F)c1,,7.0
CHEMBL5270192,O=C(Nc1n[nH]c2ccc(-c3cncc(NCCO)c3)cc12)c1ccccc1,,5.766496239658865
CHEMBL5283549,O=C(Nc1n[nH]c2ccc(-c3cncc(NC[C@@H](CO)Cc4ccccc4)c3)cc12)c1ccccc1,,6.173925197299173
CHEMBL5268968,O=C(Nc1n[nH]c2ccc(-c3cncc(NC[C@@H](CO)c4ccccc4)c3)cc12)c1ccccc1,,6.1487416512809245
CHEMBL5276424,O=C(Nc1n[nH]c2ccc(-c3cncc(NC[C@@H](O)c4ccccc4)c3)cc12)c1ccccc1,,6.356547323513812
CHEMBL5283085,O=C(Nc1n[nH]c2ccc(-c3cncc(NC[C@H](CO)Cc4ccccc4)c3)cc12)c1ccccc1,,5.5787252087896535
CHEMBL5280467,O=C(Nc1n[nH]c2ccc(-c3cncc(NC[C@H](CO)c4ccccc4)c3)cc12)c1ccccc1,,5.762959208620809
CHEMBL5281785,O=C(Nc1n[nH]c2ccc(-c3cncc(NC[C@H](O)c4ccccc4)c3)cc12)c1ccccc1,,6.507239610973162
CHEMBL5291397,O=C(Nc1n[nH]c2ccc(-c3cncc(O)c3)cc12)c1ccccc1,,5.140441427373946
CHEMBL2002690,O=C(Nc1nc2c(O)cccc2s1)Nc1ccccc1-c1ccccc1,<,5.40000018605658
CHEMBL3301607,O=C(Nc1nc2cccc(-c3ccc(CN4CCS(=O)(=O)CC4)cc3)n2n1)C1CC1,<,4.522878745280337
CHEMBL1983980,O=C(Nc1nc2ccccc2s1)c1cccc2c1CN(c1nc(C(=O)O)c(-c3ccc(CO)cc3)s1)CC2,,6.199998172182031
CHEMBL3182444,O=C(O)C1(Cc2cccc(Nc3nccs3)n2)CCC(Oc2cccc(Cl)c2F)CC1,<,4.522878745280337
CHEMBL1971132,O=C(O)C1CN(Cc2ccc(OCc3cccc(C(F)(F)F)c3)cc2)C1,<,5.40000018605658
CHEMBL1986265,O=C(O)C1CN(Cc2ccc(OCc3cccc(C(F)(F)F)c3)cc2Cl)C1,<,5.40000018605658
CHEMBL1987998,O=C(O)C1CN(Cc2ccc(OCc3ccccc3)cc2Cl)C1,<,5.40000018605658
CHEMBL259084,O=C(O)c1ccc(Nc2ncc3c(n2)-c2ccc(Cl)cc2C(c2c(F)cccc2F)=NC3)cc1,<,4.522878745280337
CHEMBL1230165,O=C(O)c1ccc2c(c1)nc(Nc1cccc(Cl)c1)c1ccncc12,,5.147276089208794
CHEMBL242865,O=C(O)c1ccccc1Nc1ccnc(Nc2ccc([N+](=O)[O-])cc2)n1,<,5.40000018605658
CHEMBL396523,O=C(O)c1ccccc1Nc1ccnc(Nc2ccc3[nH]ncc3c2)n1,<,5.59999938302362
CHEMBL244378,O=C(O)c1ccccc1Nc1ccnc(Nc2ccc3cn[nH]c3c2)n1,<,5.59999938302362
CHEMBL243298,O=C(O)c1ccccc1Nc1ccnc(Nc2cccc(F)c2)n1,<,5.40000018605658
CHEMBL1992231,O=C(O)c1ccccc1Nc1ncnc(Nc2ccc(F)cc2)n1,<,5.40000018605658
CHEMBL1986666,O=C(O)c1ccccc1Nc1ncnc(Nc2ccc3cn[nH]c3c2)n1,,5.800000874803203
CHEMBL1979933,O=C(O)c1ccccc1Nc1ncnc(Nc2cccc(F)c2)n1,,5.800000874803203
CHEMBL2013068,O=C(O)c1cncc(-c2cnc(Nc3cc(N4CCNCC4)ccn3)s2)c1,<,5.0
CHEMBL1974875,O=C(O)c1csc2c1NCCNC2=O,,4.399999967876858
CHEMBL1908397,O=C(c1ccc(/C=C/c2n[nH]c3ccccc23)cc1)N1CCNCC1,,6.094819883557225
CHEMBL2146883,O=C(c1ccc(F)c(F)c1Nc1ccc(I)cc1F)N1CC(O)([C@@H]2CCCCN2)C1,<,4.522878745280337
CHEMBL50894,O=C1Cc2c([nH]c3ccc([N+](=O)[O-])cc23)-c2ccccc2N1,<,5.40000018605658
CHEMBL1983630,O=C1Cc2cc(-c3ccccc3)cnc2N1,,4.399999967876858
CHEMBL3544966,O=C1NC(=O)/C(=C/c2ccc3nccc(-c4ccncc4)c3c2)S1,<,4.522878745280337
CHEMBL1996510,O=C1NC(=O)C(c2c[nH]c3ccccc23)=C1c1nc(N2CCNCC2)nc2ccccc12,,5.899998417198648
CHEMBL2103882,O=C1NC(=O)[C@@H](c2cn3c4c(cccc24)CCC3)[C@@H]1c1c[nH]c2ccccc12,<,4.522878745280337
CHEMBL379975,O=C1NC(=O)c2c1c(-c1ccccc1Cl)cc1[nH]c3ccc(O)cc3c21,<,5.40000018605658
CHEMBL2001920,O=C1NC(=S)SC1=C1C(=O)Nc2ccc(Br)cc21,<,5.800000874803203
CHEMBL225519,O=C1NCCc2[nH]c(-c3ccncc3)cc21,,6.763560135796571
CHEMBL1984500,O=C1NCc2c(Br)cccc21,<,4.100000018985305
CHEMBL1991782,O=C1NCc2c1cccc2-c1cccs1,<,4.100000018985305
CHEMBL1980329,O=C1Nc2cc(-c3ccc(O)cc3)ccc2C1=Cc1ccc[nH]1,<,5.40000018605658
CHEMBL2001923,O=C1Nc2cc(CCOc3ccc(N4CCOCC4)cc3)ccc2Nc2cc(-c3cn(Cc4cc(F)c(F)c(F)c4)c4cnccc34)ccc21,<,5.40000018605658
CHEMBL1986590,O=C1Nc2ccccc2C1=Cc1c[nH]c2ccccc12,,5.700000503883016
CHEMBL1996176,O=C1Nc2ccccc2C1=Cc1ccc[nH]1,,5.700000503883016
CHEMBL1977346,O=C1Nc2ccccc2Nc2nnc(I)cc21,<,5.800000874803203
CHEMBL1976158,O=C1c2cc([N+](=O)[O-])ccc2-n2c1nc1cccc(Br)c1c2=O,<,5.700000503883016
CHEMBL1971227,O=CN(O)C(CS(=O)(=O)c1ccc(-c2ccc(C(F)(F)F)cc2)cc1)c1ccc(O)cc1,,5.899998417198648
CHEMBL1973793,O=S(=O)(Nc1ccc2c(c1)C(=NO)c1ccccc1-2)c1cccc(Br)c1,<,5.40000018605658
CHEMBL1233300,O=S(=O)(c1cccc2c(O)nccc12)N1CCCNCC1,<,4.522878745280337
CHEMBL38380,O=S(=O)(c1cccc2cnccc12)N1CCCNCC1,,5.59999938302362
CHEMBL2001613,O=c1[nH][nH]c2ccc(Br)cc12,,4.70000006855703
CHEMBL1989834,O=c1[nH][nH]c2cccc(-c3ccccc3)c12,<,5.0
CHEMBL3544944,O=c1[nH]c(C2CCCN2)nc2c1oc1ccc(Cl)cc12,<,4.522878745280337
CHEMBL1975921,O=c1[nH]c2cc(Br)cnc2[nH]1,,4.900000142057633
CHEMBL1992673,O=c1[nH]c2ccc(Cl)cc2c2ncnn12,,4.100000018985305
CHEMBL1667969,O=c1[nH]ccc2cc(OC3CCNCC3)ccc12,<,4.522878745280337
CHEMBL1949855,O=c1[nH]cnc2c(Cl)cccc12,,4.70000006855703
CHEMBL1958401,O=c1cc(-c2ccncc2)nc(NC2CCCCC2)[nH]1,,6.199998172182031
CHEMBL497151,O=c1nc(-c2cc3c(Oc4ccc(I)cc4)cncc3s2)[nH]o1,<,5.800000874803203
CHEMBL119385,O=c1ncn2nc(Sc3ccc(F)cc3F)ccc2c1-c1c(Cl)cccc1Cl,<,5.0
CHEMBL3545157,O=c1sn(-c2cccc3ccccc23)c(=O)n1Cc1ccccc1,<,4.522878745280337
CHEMBL1991674,OC1CCC(Nc2cc(Cl)nc(-c3c[nH]c4ncccc34)n2)CC1,<,5.200000237109354
CHEMBL1986943,OC1CCC(Nc2nc(Cl)cc(-c3c[nH]c4ncccc34)n2)CC1,,6.599997654072044
CHEMBL1976936,OC1CCCC(Nc2cc(Cl)nc(-c3c[nH]c4ncccc34)n2)C1,<,5.40000018605658
CHEMBL267071,OCC1OC(n2cnc3cc(Cl)c(Cl)cc32)C(O)C1O,,5.59999938302362
CHEMBL525191,OCCn1cc(-c2ccc3c(c2)CC/C3=N\O)c(-c2ccncc2)n1,<,5.0
CHEMBL2001019,OCCn1cc(-c2cnc3nnn(Cc4ccc5ncccc5c4)c3n2)cn1,<,4.522878745280337
CHEMBL1974617,OCc1cc(-c2ccc3[nH]ncc3c2)on1,,4.900000142057633
CHEMBL374713,OCc1n[nH]nc1-c1ccc2c(-c3cc4cc(CN5CCCCC5)ccc4[nH]3)n[nH]c2c1,,7.251811972993799
CHEMBL219788,OCc1nn[nH]c1-c1ccc2c(-c3cc4cc(CN5CCC(F)CC5)ccc4[nH]3)n[nH]c2c1,,6.7447274948966935
CHEMBL546797,ON=C(c1nc2ccccc2[nH]1)c1nc2ccccc2[nH]1,,5.499999678657065
CHEMBL1950289,O[C@H]1CC[C@H](Nc2ncc3nc(Nc4c(F)cc(F)cc4F)n([C@H]4CCOC4)c3n2)CC1,<,4.522878745280337
CHEMBL278041,Oc1ccc(-c2nc(-c3ccc(F)cc3)c(-c3ccncc3)[nH]2)cc1,<,5.0
CHEMBL2001149,Oc1ccc2nc(-c3ccc(Sc4ccc(-c5nc6ccc(O)cc6[nH]5)cc4)cc3)[nH]c2c1,<,5.40000018605658
CHEMBL573339,Oc1cccc(-c2nc(N3CCOCC3)c3oc4ncccc4c3n2)c1,,4.936035290441483
CHEMBL1973868,Oc1cnc2ccc(-c3ccncc3)cc2c1,,5.40000018605658
CHEMBL2103851,S=C(NCc1ccc2c(c1)OCO2)N1CCN(c2ncnc3c2oc2ccccc23)CC1,<,4.522878745280337
CHEMBL221479,c1cc(-c2ccc3c(-c4cc5cc(CN6CCOCC6)ccc5[nH]4)n[nH]c3c2)[nH]n1,,7.468521082957745
CHEMBL2011349,c1cc(N2CCNCC2)cc(Nc2ncc(-c3cncc(-c4cn[nH]c4)c3)s2)n1,,6.585026652029182
CHEMBL2013063,c1cc(Nc2ncc(-c3cncnc3)s2)nc(N2CCNCC2)c1,,6.3872161432802645
CHEMBL1614713,c1cc(OCCN2CCCCC2)cc(-c2n[nH]c3ccc(-c4nnc[nH]4)cc23)c1,<,4.522878745280337
CHEMBL221428,c1cc2[nH]c(-c3n[nH]c4cc(-c5cn[nH]c5)ccc34)cc2cc1CN1CCOCC1,,7.6020599913279625
CHEMBL415055,c1cc2[nH]c(-c3n[nH]c4cc(-c5cnsc5)ccc34)cc2cc1CN1CCCCC1,,7.7447274948966935
CHEMBL2001539,c1cc2c(s1)CCc1cn[nH]c1-2,,4.499999953328896
CHEMBL223595,c1ccc(-c2ccc3c(-c4cc5cc(CN6CCCCC6)ccc5[nH]4)n[nH]c3c2)cc1,,5.154901959985743
CHEMBL482538,c1ccc(-c2ccnc3[nH]ccc23)cc1,,4.600000074606178
CHEMBL2013060,c1ccc(-c2cnc(Nc3cccc(N4CCNCC4)n3)s2)cc1,,7.585026652029182
CHEMBL424696,c1ccc(Nc2ncc(-c3ccnc(OC4CCCCC4)n3)s2)nc1,,7.698970004336019
CHEMBL220946,c1cn(-c2ccc3c(-c4cc5cc(CN6CCCCC6)ccc5[nH]4)n[nH]c3c2)nn1,,7.2441251443275085
CHEMBL2013065,c1cn(-c2cncc(-c3cnc(Nc4cc(N5CCOCC5)ccn4)s3)c2)nn1,<,5.0
CHEMBL2013067,c1cncc(-c2cncc(-c3cnc(Nc4cc(N5CCNCC5)ccn4)s3)c2)c1,<,5.0
CHEMBL2011344,c1cncc(-c2cncc(-c3cnc(Nc4cc(N5CCOCC5)ccn4)s3)c2)c1,<,5.0
CHEMBL220258,c1cnn(-c2ccc3c(-c4cc5cc(CN6CCCCC6)ccc5[nH]4)n[nH]c3c2)c1,,5.638272163982407
CHEMBL425290,c1cnn(-c2ccc3c(-c4cc5cc(CN6CCCCC6)ccc5[nH]4)n[nH]c3c2)n1,,6.318758762624412
CHEMBL387377,c1csc(-c2ccc3c(-c4cc5cc(CN6CCCCC6)ccc5[nH]4)n[nH]c3c2)n1,,5.3979400086720375
CHEMBL2004515,c1nc(-c2ccc3c(c2)OCO3)c2cc[nH]c2n1,,5.300000202445418
CHEMBL2013062,c1ncc(-c2cnc(Nc3cc(N4CCNCC4)ccn3)s2)cn1,,4.958607314841775
CHEMBL2011346,c1ncc(-c2cncc(-c3cnc(Nc4cc(N5CCOCC5)ccn4)s3)c2)cn1,<,5.0
